{"taxa": 268, "sites": 1275, "patterns": 614, "gaps": 0.3789, "invariant": 0.6266666666666667, "entropy": 0.16099716227300306, "column_entropies": [-0.0, -0.0, -0.0, -0.0, -0.0, -0.0, -0.0, -0.0, -0.0, -0.0, -0.0, -0.0, -0.0, -0.0, -0.0, -0.0, -0.0, -0.0, -0.0, -0.0, -0.0, -0.0, -0.0, -0.0, -0.0, -0.0, -0.0, -0.0, -0.0, -0.0, -0.0, -0.0, -0.0, -0.0, -0.0, -0.0, -0.0, -0.0, -0.0, -0.0, -0.0, -0.0, -0.0, -0.0, -0.0, -0.0, -0.0, -0.0, -0.0, -0.0, -0.0, -0.0, -0.0, -0.0, -0.0, -0.0, -0.0, -0.0, -0.0, -0.0, -0.0, -0.0, -0.0, -0.0, -0.0, -0.0, -0.0, -0.0, -0.0, -0.0, -0.0, 0.10106696361212415, -0.0, -0.0, -0.0, -0.0, -0.0, -0.0, -0.0, -0.0, 0.4798320236161285, 0.5475844288749033, 0.7355085815538398, -0.0, 0.0888796956845758, -0.0, -0.0, -0.0, -0.0, -0.0, -0.0, -0.0, -0.0, -0.0, -0.0, -0.0, -0.0, -0.0, -0.0, -0.0, -0.0, 0.21832103023746735, -0.0, -0.0, -0.0, -0.0, 0.4488743053794403, -0.0, -0.0, -0.0, -0.0, -0.0, -0.0, 0.21327178078010886, -0.0, -0.0, -0.0, -0.0, -0.0, -0.0, -0.0, -0.0, 0.37811118257938203, 0.07114587324411276, 0.20088125419855896, -0.0, 0.035583093323072926, 0.035583093323072926, 0.23914781741482932, 0.5804993539891365, 0.6098403047164004, -0.0, 0.7230020642792743, 0.7455178428108284, 0.9103029464166383, 0.8454530131478974, 0.7955471771875889, -0.0, 0.6250398689893616, -0.0, 0.09919762640428915, -0.0, 0.34735963589814745, 0.4467826097647935, -0.0, -0.0, -0.0, -0.0, 0.06345811641554695, 0.035470482395918254, -0.0, 0.21204937133912224, 0.035470482395918254, -0.0, 0.8672380585966863, -0.0, -0.0, -0.0, -0.0, -0.0, -0.0, -0.0, -0.0, 0.07092080298271114, 0.17454087120723857, 0.06345811641554695, 0.31123570787647303, 1.0080333337930953, 0.5179059631256389, 0.21204937133912224, 0.3587104231787223, 0.9510391142295174, 0.32674045743992164, 0.1546466478938212, -0.0, -0.0, 0.6351837700406668, 0.7465867291719279, 0.035470482395918254, 0.035470482395918254, -0.0, 0.09888819939658282, 0.9629131050128947, 0.32810632721940525, -0.0, -0.0, -0.0, 0.09888819939658282, -0.0, -0.0, 0.5179059631256389, 0.26377743669413856, 0.08860876841836092, 0.22983578430824558, -0.0, -0.0, -0.0, 0.08860876841836092, -0.0, 0.09888819939658282, 0.3262588146294927, -0.0, 0.035470482395918254, 0.5179059631256389, 0.08860876841836092, -0.0, 0.035470482395918254, 0.035470482395918254, 0.24706211229420166, 0.7573309026609629, -0.0, -0.0, -0.0, -0.0, -0.0, -0.0, -0.0, -0.0, -0.0, -0.0, -0.0, 0.035470482395918254, 0.22983578430824558, -0.0, -0.0, -0.0, -0.0, -0.0, 0.035470482395918254, 0.26377743669413856, -0.0, 0.995978956518722, -0.0, 0.2928829182604828, 0.4944898771514348, 0.4349734800747426, 0.035470482395918254, 0.035470482395918254, -0.0, 1.2107538195957237, 1.3711188692685463, 1.7957288190808387, 1.4953943534555996, -0.0, 0.29900084565306095, 0.6210185406063429, 0.38356945742563175, 0.21204937133912224, 0.4713567554210769, 1.194587895352328, -0.0, 1.5146919533446122, 0.8700670313005505, 0.2002744419245511, 0.06345811641554695, 0.29583217796174044, 0.31522491144298026, 0.17454087120723857, 0.035470482395918254, -0.0, -0.0, -0.0, -0.0, -0.0, -0.0, 0.035470482395918254, -0.0, -0.0, 0.17454087120723857, -0.0, -0.0, -0.0, -0.0, -0.0, -0.0, -0.0, -0.0, -0.0, -0.0, -0.0, -0.0, -0.0, -0.0, -0.0, -0.0, -0.0, -0.0, -0.0, -0.0, -0.0, -0.0, -0.0, -0.0, -0.0, -0.0, -0.0, 0.19708506516233712, -0.0, -0.0, -0.0, 0.06345811641554695, -0.0, -0.0, -0.0, 0.31123570787647303, -0.0, -0.0, 0.06345811641554695, -0.0, -0.0, -0.0, -0.0, 0.5985207053464746, 0.724903144910486, -0.0, 0.31123570787647303, -0.0, -0.0, -0.0, 0.06345811641554695, -0.0, 0.13383047904615925, -0.0, -0.0, -0.0, -0.0, -0.0, -0.0, 0.035470482395918254, -0.0, 0.6172603143220294, 0.6263959917169503, -0.0, -0.0, 0.035470482395918254, 0.21786006213043987, 0.425970580378086, -0.0, -0.0, -0.0, -0.0, -0.0, -0.0, -0.0, -0.0, -0.0, -0.0, -0.0, -0.0, -0.0, -0.0, -0.0, -0.0, -0.0, -0.0, -0.0, -0.0, -0.0, -0.0, -0.0, -0.0, -0.0, -0.0, -0.0, -0.0, -0.0, -0.0, -0.0, -0.0, -0.0, -0.0, -0.0, -0.0, -0.0, -0.0, -0.0, -0.0, -0.0, -0.0, 0.3829576722723534, -0.0, -0.0, -0.0, -0.0, -0.0, -0.0, 0.035470482395918254, -0.0, -0.0, -0.0, -0.0, -0.0, -0.0, -0.0, -0.0, 0.035470482395918254, 0.210553872902773, -0.0, -0.0, -0.0, 0.4319200525591025, -0.0, -0.0, -0.0, -0.0, -0.0, -0.0, -0.0, -0.0, -0.0, -0.0, -0.0, -0.0, -0.0, -0.0, -0.0, -0.0, 0.26377743669413856, -0.0, -0.0, -0.0, -0.0, -0.0, -0.0, -0.0, -0.0, -0.0, 0.3262588146294927, 0.08860876841836092, 0.34294332951189677, 1.4907196759671255, 0.8180383606755083, 0.6120814480018071, -0.0, 0.754845870292232, 0.19708506516233715, 0.45735099883592345, -0.0, -0.0, -0.0, 0.06345811641554695, -0.0, 0.17703470759531373, 0.50574088622066, 1.2249047751425983, 1.5667786363380893, 1.0, 1.0675388770467829, 0.8907469431097614, 0.1691993886769933, 0.22532274869760405, 0.569190343735683, 0.31522491144298026, 0.45894381383843, -0.0, -0.0, -0.0, -0.0, 0.6281700757078865, 0.6208402459948889, 0.08860876841836092, 0.34639553502453835, -0.0, -0.0, 0.4435008158887066, -0.0, 0.035470482395918254, 0.06345811641554695, 0.42236448879754446, -0.0, -0.0, -0.0, 0.44350081588870666, 0.035470482395918254, -0.0, -0.0, 0.035470482395918254, 0.08860876841836092, 0.7091139912264172, 0.9712640362628517, 0.9347327712959193, -0.0, 0.7632714475388163, -0.0, 0.035470482395918254, 0.035470482395918254, 1.061237949904395, 0.42236448879754446, 0.569190343735683, 0.06345811641554695, 0.9243895836563847, 0.3227569588973982, 0.6593911527450502, 0.9390868802912533, 1.6148868216658285, 0.9635359835770287, 0.50574088622066, -0.0, -0.0, -0.0, -0.0, -0.0, 1.4707679288481919, -0.0, 0.11190990870168403, -0.0, -0.0, 0.9883586388557379, 0.48227833909650375, 0.7228690898829675, 0.1546466478938212, 0.3488816872733992, 0.15194522894270157, 0.2823065493943013, 1.7940836305953265, -0.0, 0.927926261959976, 0.06345811641554695, -0.0, 0.2823065493943013, 0.7174278219742518, 0.035470482395918254, 0.06345811641554695, -0.0, 1.0977072438579278, -0.0, 0.035470482395918254, 1.0524810435737286, 1.1898499067835497, 0.5889102455769419, 0.45735099883592345, 1.5544505259266366, 1.5316610441584724, 1.795082841696607, 1.1097529475220682, 0.09888819939658282, 0.12401853742495465, 0.035470482395918254, 0.035470482395918254, 0.1551032721030342, -0.0, -0.0, 0.9883586388557379, 0.06345811641554695, 0.07092080298271114, 0.7042801867104811, 0.4699379277954123, 0.8834180908869474, 0.6136190195993708, 0.19590927087360493, 0.8019325020834525, 0.2651011677275474, 0.32984607020714635, -0.0, -0.0, -0.0, -0.0, -0.0, 0.17780290450035371, 0.4711678289244093, 0.9086863446024769, 0.07114587324411276, 0.2658671640887763, 0.229622403975196, -0.0, 0.035470482395918254, 0.035470482395918254, 0.06345811641554695, 0.035470482395918254, -0.0, 0.18731413857353563, 0.5487791867822941, 1.1468113289755006, 1.7413856168753783, 1.7200264077346983, 1.5774453442024292, 0.5285796848680157, 1.3122511899686435, 1.1330362357679116, 0.3267404574399217, 0.21786006213043987, 0.035470482395918254, 0.035470482395918254, 1.055995429848383, 0.035470482395918254, 0.7174278219742518, 0.229622403975196, 0.4699379277954123, 0.11190990870168403, 1.3503927670305544, 1.020185384761254, 1.6876721499797207, 0.4065778468968462, 1.079243508622016, 0.34495159371319134, 0.035470482395918254, 0.6969471675681523, 0.035470482395918254, 0.9909420882842375, -0.0, -0.0, -0.0, -0.0, 0.08860876841836092, 0.035470482395918254, -0.0, 0.035470482395918254, -0.0, 0.09888819939658282, 0.21204937133912224, 0.4065778468968462, 0.3587104231787223, 0.30855355609712365, -0.0, -0.0, 0.1268352818360124, 1.1636177765548428, 0.07092080298271114, -0.0, -0.0, -0.0, 0.11190990870168403, -0.0, 1.4829123218281417, 0.06345811641554695, -0.0, -0.0, 0.035470482395918254, 0.035470482395918254, -0.0, -0.0, -0.0, -0.0, -0.0, 0.035470482395918254, 0.23771295551291918, 0.9845065834484634, -0.0, 0.7662740702693429, 1.3472215069985072, 1.5431646867906752, 0.3429433295118968, 0.08860876841836092, 0.32714749707465596, 0.035470482395918254, -0.0, 0.035470482395918254, -0.0, 