{"taxa": 116, "sites": 327, "patterns": 319, "gaps": 0.37229999999999996, "invariant": 0.09174311926605505, "entropy": 2.0052780116142794, "column_entropies": [-0.0, -0.0, -0.0, -0.0, -0.0, -0.0, -0.0, -0.0, -0.0, -0.0, -0.0, -0.0, -0.0, -0.0, -0.0, -0.0, -0.0, -0.0, -0.0, 1.0, 1.0, 1.584962500721156, 1.9219280948873623, 1.7924812503605778, 2.75, 2.25, 1.7332062193464954, 2.2724876891689534, 2.602217001462482, 2.784700596952929, 1.9037436379118517, 1.7513500813720198, 2.331028865363268, 2.710633884096855, 1.8084210784126622, 2.346141378434685, 1.4225877607321724, 1.0077946539635732, 2.344337358773282, 1.540919387977044, 1.9831177920370084, 2.071616253332948, 2.1863789619378524, 2.4974806377635494, 2.1420376198049014, 1.9479696872482564, -0.0, -0.0, -0.0, 2.529943549362827, 1.1825975007638925, 1.7580459335633642, 2.7051409964240136, 2.157110368276585, 2.029754733447259, 2.0178681020919784, 1.89112201529368, 2.9728159533413425, 1.90873163291211, 2.7484454706505552, 2.352601492492184, 2.928278365676111, 2.3658188367811914, 2.0530505380484794, 2.3103831380337474, 2.7104901795598693, 2.9202257160955436, 2.010110954783818, 2.730306308817516, 2.4133529838041996, 1.825071911759503, 1.0, 1.8365916681089791, 1.4355205042826666, 1.9248240667373948, 2.1729259946691304, 1.923016663965531, 1.718387577327913, 2.6041122762835816, 2.349754020106902, 0.2580186686648155, 1.6569524224344798, -0.0, 2.5252639450847383, 2.4116113890521707, 0.28746236439600525, 2.0553447569255225, 2.2109004156002885, 1.1831654217246084, 2.490163480863198, 2.6941129445069993, 2.0652648699235074, 3.101215844463143, 2.5697515985007446, -0.0, 2.6840392609036274, 0.7472488946325877, 2.3188419855605895, 1.347550250490512, 2.5495859347630883, 2.5374113498014386, 3.116356257750654, 1.5151922610047854, 0.29643163178752324, -0.0, 1.0, 1.7119065659213026, 2.6903366154592567, 0.9385820168175474, 0.0715037894499587, 1.8089285577125578, 1.3138665073333575, 2.3881047763277654, 1.49387891142423, 2.566363217626517, 2.5034370053208295, 2.2499085597828272, 2.3753407198879373, 0.7449562751554355, 0.7333933955379484, 1.9240711237643575, 2.9089736122421628, 2.4365617128956867, 1.713104634141489, 2.7110230278688365, 2.525906007650138, 2.151196684327264, 1.7955744147766084, 2.6704285887281474, 2.70720424992531, 2.544487377875803, 2.4215464728269303, 1.8773078552020763, 2.733452222539369, 2.96026015471385, 2.9351000205746915, 2.7391495838016513, 2.9807800732570326, 2.8175174005138572, 3.385828855284581, 0.5853643493281788, 2.384550977502464, 1.3539849331730323, 1.1941169485851904, 2.8872258084045965, 0.6923753169959008, 2.6792042979847723, 1.777890029101889, 3.049933236912318, 2.5162946198985368, 2.7667376410526097, 2.5630596210327474, 2.1937964362751603, -0.0, 2.332995159832052, 2.710283236316674, 3.1207903378278417, 2.653774036804453, 1.6622717426006408, 2.6786302565240683, 1.6137050108034696, 2.3825789046606016, 2.7878843021996356, 2.3784442411447784, 1.8922050786642233, 1.2263771310153952, 0.6595028556078337, 2.5645600122197396, 0.44101320412604095, 3.082659132191175, 2.768452694867636, 3.0917740792664388, 1.786751731581607, 2.86042488560256, 1.8503470232150987, 1.061278124459133, 1.253297578463043, 2.473340269670034, 2.3978272526646296, 0.607355109164333, 2.0164046835327416, 2.710122185856332, 2.6807005978214344, 0.7192482634229191, 1.7486948792002743, -0.0, 0.9912797783052687, 1.6575630790541593, 1.8158000540291643, 2.31656555569067, 2.294372392359964, 3.0563557565726867, 2.8562835353308804, 3.052995186066243, 3.000932185789811, 3.0629770913076344, 2.9846387021479583, 2.756848184684622, 1.5219280948873621, 2.6464393446710157, 2.2245456693908237, 2.1996172119007027, 2.4514394276971188, 2.5183054840310275, 2.156271537256655, 1.3762136330546213, 1.5969389465077195, 2.853381023432362, 2.2005449399543107, 1.7614682943289743, 1.9261236732918068, 2.035082670556368, 1.2689889793923257, 2.281571390168022, 3.0855507927513077, 2.6144265245153013, 2.614520034570601, 2.871038064278602, 2.721330514545241, 1.7755139496823846, 1.8768296375830298, 2.4354689626469845, 2.17218682452884, 2.453573078759881, 1.9476766504097214, 2.9321774731117367, 2.438570193804183, 2.785843371958858, 2.233801632051118, 1.6404388162579375, 2.2046762408314806, 2.900639488637092, 2.58428359565775, 0.30968018663820573, 1.734181394648906, 0.7938522385933958, 1.812025219031204, 1.870023728554552, 0.16144054254182066, 1.0450245867351424, 3.4597339108910896, 3.113883146402972, 2.781219439261352, 3.123478672569887, 2.2383139226047026, 2.043057259422272, 3.417718910256881, 2.6449222595711026, 3.018100755693427, 2.42665253018946, 2.088419688548634, 3.616294923446575, 2.521423851945654, 3.307274782599265, 2.055559385847665, 2.9090211455437727, 2.8979608801799395, 3.124906903378096, 2.705550622059322, 2.8245383392680474, 2.717309572971403, 1.0526988031300277, 2.7564671023626093, 2.950990710552635, 3.0192712946250997, 2.4529568865845772, 2.986252865763619, 2.4388375122164065, 3.023449777333327, 2.5308677225399836, 3.0375562664221585, 2.763341688005388, 2.528149391981551, 2.582996411740224, 3.054262021389319, 3.1488791565522853, 2.218801964251741, 2.239327074923006, 2.6760639553050094, 3.3461216760059806, 2.6267910480956758, 3.322854360030524, 3.004827608309817, 3.238920595031593, 2.3563124048043655, 3.4392681462540966, 3.1253671817425484, 2.98307398100577, 2.8972046592706735, 2.64787375872096, 2.9892194339635303, 2.562794634074882, 2.5468644249178096, 2.013942718903985, 2.572383130113668, 2.7296437579743014, 2.713494152018896, 2.7103715145243337, 2.3242764617775697, 2.610577243331642, 2.5949066182439395, 2.481714572986073, 2.663532754804255, 3.121928094887362, 2.921928094887362, 2.1219280948873624, 2.3219280948873626, 2.725480556997868, 2.0588138903312014, 2.4193819456463714, 2.4056390622295662, 2.5216406363433186, 1.4591479170272446, 1.0, 0.8112781244591328, 1.5, 1.5, 0.8112781244591328, 0.8112781244591328, 0.8112781244591328, 1.584962500721156, -0.0, -0.0, 0.9182958340544896, 0.9182958340544896, 0.9182958340544896, -0.0], "bollback": -1879.454032272203, "treelikeness": 0.1679536003060385}