{"taxa": 90, "sites": 583, "patterns": 511, "gaps": 0.4596, "invariant": 0.20411663807890223, "entropy": 1.7343493119938682, "column_entropies": [3.4373515144948126, 3.8192858484944416, 3.8964818677621817, 3.5654267724329305, 1.993996170836354, 3.7460640019820413, 3.4413864903358595, 2.997464504522039, 3.1722421719028135, 2.67192285844677, 1.3839677554063616, 3.2374140040659136, 3.277330160520145, 2.725480556997868, 3.114664638959247, 0.7121433290786583, 3.192807775660001, 2.9242792479567576, 2.5082050618419083, 0.7771454925496215, 2.9742326215677086, 3.0240477108996946, 3.2155625771602714, 2.5819839185499225, 2.5831535376579056, 2.521640636343318, 2.8266661862125444, 2.3478896127101563, 3.5997028695206787, 2.926552491786469, 1.8120248659916267, 3.2464085598098777, 3.376238861716595, 0.933687653939352, 2.0655835235133195, 2.9373166945348004, 3.066097645340544, 1.8453236941475335, 2.2701602587222287, 3.3733516262957215, 0.937143612018683, -0.0, 1.8625876689862408, 3.0400869781933473, 0.9005152119176341, 0.47563396876036557, 2.4184571572799536, 3.2617058142766453, 2.704784099655738, 0.590555294868468, 0.09054385326964295, 0.15790637433488172, -0.0, 1.5981579278879896, 2.8250012988419186, 3.5034891239906454, 3.695000537739086, 3.788232266042328, 3.5250972337795905, 3.51104442936116, 3.3445985626750625, 3.377278130987436, 2.974096205521549, 1.8423709931771086, 1.0, 1.0, 1.0, 1.0, 1.0, -0.0, 1.0, 1.0, 1.0, 1.0, 1.0, 1.0, 0.9182958340544896, 1.584962500721156, 1.584962500721156, 0.9182958340544896, 1.9219280948873623, 1.8423709931771088, 2.4056390622295662, 2.6464393446710153, 2.2464393446710154, 3.121928094887362, 2.1535654389463628, 2.191544928183292, 2.2362153475543516, 2.1537473615260545, 1.584962500721156, 3.327484781955842, 3.3043941130223247, 3.1298909505867445, 3.1750449292500704, 3.4054736435266633, 3.0782323410071846, 2.6916470042711724, 1.9312151248455782, 2.617549243281179, 1.181561894162083, 0.08970338978684994, 2.1785636883052097, 0.6852645329911975, 0.9334276651275614, 2.3766135020071015, 2.010397691649846, 0.6956231005441003, 1.6798937311315765, 2.408742032592227, 1.238510584759773, 0.24581537350428984, 1.1658828240715329, 1.4484182076126257, 2.4029098556304946, 2.2579806630466206, 2.2808671259246203, 1.6020331145552578, 1.86633250900635, 2.244133647327824, 1.640751768375062, -0.0, 1.8268903803176073, 3.1751279177974547, 0.27105081178647694, 3.4793080375430256, 2.0873249793100577, 1.584962500721156, 3.3904866569659373, 3.634902005997194, 0.1759644025509841, 2.219548597402949, 0.1759644025509841, 2.192541646016999, 3.370888532729756, 3.5605340029545394, 3.336308510718395, 2.7152088061657307, 2.4130884364257574, 2.6464393446710153, 1.584962500721156, 0.9182958340544896, 2.5216406363433186, 2.4056390622295662, 3.478999067420595, 3.0972279137222833, 3.1934730384698273, 3.557918293886857, 3.517987674613423, 3.728486632769245, 3.615374221166025, 3.236186283255413, 2.8453509366224368, 2.2359263506290326, 1.8423709931771084, 2.584962500721156, -0.0, -0.0, -0.0, -0.0, 1.0, -0.0, -0.0, 1.0, -0.0, -0.0, -0.0, 1.0, 1.0, 1.0, -0.0, 1.0, 1.0, -0.0, 1.0, 1.0, 1.0, 1.0, 1.0, 1.0, 1.9219280948873623, 1.9219280948873623, 1.6854752972273344, 2.221251836004466, 2.8022921890824146, 3.3901163993521553, 3.4588885025703835, 3.272487689168953, 2.8890157886696373, 1.5318155868461663, 3.2691970463840376, 0.243612432040775, 1.1977067443577076, 0.33494680598484416, 0.08807225904068132, 1.7282238978059532, 1.584962500721156, 1.7485738999516867, 1.4074771164003472, 2.1650261400796484, 3.344981767444071, 1.4597214135717542, 0.6082103159557347, 3.5786384446273813, 3.3507352773719776, 1.825033001342302, 1.9680628076042217, 2.354952869961597, 3.5414264669063287, 0.3940949899774009, 2.444476477671324, 1.0795136022606904, 2.616080737218633, 2.922566277447086, 2.2637004350883374, 2.924471305460255, 3.4336349821480363, 2.851352336257708, 3.205700065441585, 3.4696704873718613, 3.2543534621792913, 3.2739773892436084, 3.079338299261055, 3.542362922091195, 3.4489988247067362, 3.488223968235237, 3.133687595082428, 2.503258334775646, 1.836591668108979, 2.113283334294875, 2.058813890331201, 2.4193819456463714, 1.0, -0.0, -0.0, -0.0, -0.0, -0.0, -0.0, -0.0, -0.0, 1.3567796494470397, 2.802391868935546, 1.9046094694071674, 3.1561289796741656, 2.557114842998822, 1.6015331791432068, 1.752023678424139, 1.7579194937344822, 0.5375957596190277, -0.0, 1.2184507192644578, 2.4280609157696853, 1.3383218357425775, -0.0, 0.3496505455329565, 2.7295336097787537, 2.2735336646981192, 1.4836758223966588, 3.5025307431069765, 3.28407181452517, 3.43597698272119, 2.2405817213478167, 3.3699100074830066, 2.9386314429634215, 3.356270168246096, 0.08807225904068132, 0.771825118936911, -0.0, 0.263674383675904, -0.0, 1.7530862852733482, 0.1537421803287619, 0.3512001085032255, 0.6526547604001792, -0.0, 2.4435863419027317, 2.4185086121669155, 1.218332679077688, 0.5660834921220874, -0.0, 0.5682056207541774, 2.847505685516719, 2.993308168663794, 1.8591643116457561, 1.9223873007330101, 3.265102367225711, 0.8404541957979452, 1.9773608451705986, 1.0, 3.2043763401214926, 1.5104500449200806, 0.9055081823115871, 3.144063215400662, 3.7494509489572434, 0.44031923181721144, 1.6086981690478523, 3.267070496436586, 1.7045160978719478, 0.9636071651918978, 2.7254240571168813, 1.584962500721156, 3.3041994793636396, 0.8766106959441936, 3.0904450340775713, 3.163285532266537, 1.2403450951651416, 3.6088626686261773, 3.722172692708371, 3.811907092593134, 3.3551858994270662, 3.4817393346253724, 2.618518386925653, 3.252598554982787, 3.2475767369558097, 2.6817701521250576, 3.267894147619623, 3.4713544870139295, 2.7744019192887706, 3.182005814760214, 3.056564762130954, 2.692380602454975, 2.4591479170272446, 2.235926350629032, 2.2516291673878226, 2.584962500721156, 0.9182958340544896, 1.0, 1.0, 1.0, 1.0, 1.0, 1.0, 1.0, 1.0, 1.0, 1.0, 1.0, 1.0, -0.0, 1.0, 1.0, 1.0, 1.0, 1.0, -0.0, -0.0, -0.0, -0.0, -0.0, -0.0, -0.0, -0.0, -0.0, -0.0, -0.0, -0.0, -0.0, -0.0, -0.0, -0.0, -0.0, -0.0, -0.0, -0.0, -0.0, -0.0, -0.0, -0.0, -0.0, -0.0, -0.0, -0.0, -0.0, -0.0, -0.0, -0.0, -0.0, -0.0, -0.0, -0.0, -0.0, -0.0, -0.0, -0.0, -0.0, -0.0, -0.0, -0.0, -0.0, -0.0, -0.0, -0.0, -0.0, -0.0, -0.0, -0.0, -0.0, -0.0, -0.0, -0.0, -0.0, -0.0, -0.0, -0.0, -0.0, -0.0, -0.0, -0.0, -0.0, -0.0, -0.0, -0.0, -0.0, -0.0, -0.0, -0.0, 1.0, 1.0, 1.0, 1.0, 1.0, 1.584962500721156, 1.584962500721156, 1.4182958340544896, 2.6235166412180155, 2.7395722619867224, 2.5492553971685004, 2.9446133929717377, 3.257048827786958, 3.8158230035695606, 3.33439076501016, 3.246153272833687, 3.7197648585467444, 3.4186712996660993, 3.5641868249741067, 3.7848584770213005, 3.547009934669219, 3.100916685694772, 2.860320777833044, 2.521640636343318, 2.952819531114783, 3.753269689515108, 2.9477027792200903, 3.0102634459732993, 3.0369935707422706, 3.4256776657012566, 3.634273034900382, 3.3486490176909265, 3.811693415778283, 3.6325160634354794, 2.489897742951231, 3.410943439141493, 2.703457133546542, 3.252483962805855, 3.393965341574765, 3.766413123765379, 1.7773967438080462, 0.3940949899774009, 1.309859183075676, 1.0460368599122454, 2.76345770598605, 2.5448284378977704, 3.4007113877357105, 0.08807225904068132, 0.1759644025509841, 1.7460770195141728, 0.9942929346520455, -0.0, 3.4895283912723682, 3.2121111236417415, 1.7740240883130345, 3.535636989522077, 3.1292128585510604, 2.9736965046215458, 0.9200915040433719, 2.0522487000211473, 3.063977485942948, 0.17757518221539376, 0.2126586398816349, 3.294353342781112, 0.6540116291586502, 0.1759644025509841, 3.1629405760592073, -0.0, 2.1370889385746423, 3.2405670345494966, 2.514101152412023, 1.9669171866886992, 1.584962500721156, 1.9219280948873623, 1.5219280948873621, 1.9219280948873623, 1.9219280948873623, 1.9219280948873623, -0.0, -0.0, -0.0, 2.4237949406953985, 1.857769333080992, 3.7962678641406997, 2.196363247888872, 3.5579447752848106, 2.476675081606328, 1.66975801492645, -0.0, 2.9004257699212728, 2.6312295986841705, 1.2004587619161533, -0.0, 0.5732697862620959, 