{"taxa": 57, "sites": 430, "patterns": 389, "gaps": 0.09380000000000001, "invariant": 0.3488372093023256, "entropy": 0.4835140489555531, "column_entropies": [-0.0, -0.0, -0.0, 0.4488644887230294, 0.9466860869123461, 0.3997900666170139, 1.5199742087569879, 0.3372900666170139, 1.635891110799899, -0.0, 0.20062232431271465, 0.20062232431271465, -0.0, -0.0, -0.0, 0.4021791902022728, -0.0, 1.3203335295143304, 0.9090890153664468, -0.0, -0.0, 1.1449479097220314, 0.9612366047228759, 0.6572729784684465, 0.6942435906153012, 1.9258329198124393, -0.0, -0.0, 0.269548899081194, 1.3485673161512333, 1.6075060666686019, 2.8248201001519866, 2.1331055171750446, -0.0, 2.9328456340458846, 0.13503620280212764, 2.928696398485663, -0.0, 1.9105375370559554, 1.401517754489781, -0.0, 0.8349132007482896, 1.0681114220687737, -0.0, 0.674702274732776, 0.36579197364364757, 0.2318130500245902, 1.410064680881618, 1.385346868351294, -0.0, 0.13503620280212764, 0.9509560484549725, -0.0, -0.0, 0.9663778874108508, 2.544900002840218, 2.1264472462105775, 1.234934331408452, 1.160509636527022, 0.6331198904379891, -0.0, -0.0, -0.0, 0.3095434291503252, 0.6051865766334206, 0.13303964861069895, 1.153280756424, -0.0, -0.0, -0.0, -0.0, 0.3975969014126116, 0.3095434291503252, 0.228538143953528, 0.13303964861069895, 1.6427049760343957, 0.6500224216483541, 0.228538143953528, 1.728871167504596, 0.5032583347756457, 1.0672321441109618, 1.7311057889200558, -0.0, 2.111989486004534, 0.6857146422926199, 0.26557518099056504, -0.0, -0.0, 0.26557518099056504, 0.228538143953528, 0.7024229181490433, 0.7871900872958214, 0.5188978124006426, 0.37119390349406906, 0.1370994788998177, 0.7555668463173352, 0.31821529768323314, -0.0, -0.0, 0.1370994788998177, 0.7372887570137346, 0.1370994788998177, -0.0, 0.1370994788998177, -0.0, 0.31821529768323314, 0.1370994788998177, -0.0, -0.0, 0.1370994788998177, 0.1370994788998177, 0.1370994788998177, -0.0, 0.8835679535890165, 0.44724743826492236, 1.731016523405723, 0.2318130500245902, 0.6030228714324584, 0.1370994788998177, 0.23519338181924143, 0.6843101512028987, -0.0, 0.8403586716091171, 0.1370994788998177, 0.506628179013871, -0.0, 1.9535952468183517, 0.89299535735196, 0.1370994788998177, 0.8835679535890165, 0.1370994788998177, -0.0, -0.0, -0.0, -0.0, 1.3336300574488797, 1.027775855785329, -0.0, -0.0, -0.0, -0.0, 0.13923299905509887, -0.0, -0.0, -0.0, 0.990374836448575, 0.1370994788998177, 0.4566836315394428, -0.0, 0.39124356362925566, -0.0, -0.0, 0.8354230083989106, 0.23868451135100135, 0.6603656800906578, 0.2736549202807799, 0.2736549202807799, 0.1370994788998177, -0.0, 1.017268456735826, -0.0, -0.0, 0.1370994788998177, 0.6646953053493418, 0.45364957320303506, 2.0523685137055763, 0.1370994788998177, 0.7793498372920851, -0.0, -0.0, -0.0, 1.3302454486335646, -0.0, 0.1370994788998177, 0.1370994788998177, 0.2736549202807799, 0.269548899081194, -0.0, 0.13503620280212764, 0.1370994788998177, -0.0, 0.269548899081194, -0.0, -0.0, -0.0, -0.0, 0.13303964861069895, 0.3095434291503252, -0.0, 0.228538143953528, 0.4920576968165012, 0.13303964861069895, 0.13303964861069895, -0.0, 0.13303964861069895, -0.0, 0.3809465857053901, 1.3340737432873904, 0.13303964861069895, 1.0216644103360497, 0.9433202485620262, 0.9014750585643263, 0.44506485705083865, 0.6051865766334206, -0.0, -0.0, 0.13503620280212764, -0.0, -0.0, 0.13303964861069895, 0.3975969014126116, -0.0, 0.26557518099056504, 1.443711162658257, 0.6841363256632385, -0.0, -0.0, -0.0, 0.13303964861069895, 2.5147375123853535, 2.1940785985943845, -0.0, 1.5309466481103446, 0.4394969869215134, 0.6961262497237085, 0.4350218963844825, -0.0, -0.0, 1.218271009484577, -0.0, 0.4971677614160753, 0.30540057087920036, 2.1858195679908876, 1.0971087927905046, -0.0, 0.1292337748458849, -0.0, 1.2136796026725452, 0.30540057087920036, 0.687168799984711, 0.983592662492824, 0.1292337748458849, -0.0, 0.222284830685688, -0.0, -0.0, 0.1292337748458849, -0.0, -0.0, 0.954434002924965, 0.222284830685688, 0.1292337748458849, 0.222284830685688, 0.222284830685688, 0.7053446039544728, 0.3505730632745764, -0.0, -0.0, 0.9666186325481028, 0.8725525209711027, -0.0, -0.0, -0.0, -0.0, -0.0, -0.0, -0.0, -0.0, 0.254385027430421, 1.1227206505413823, -0.0, 0.2974722489192896, -0.0, -0.0, -0.0, 0.7417880933097201, 1.1657916905685308, 1.635833535938928, 0.7956833060657029, 0.9626486202142592, 1.8606310916620237, 1.9157982892873497, 0.9402859586706311, 0.549069788805088, 1.4086778614577076, 1.533615452305766, 0.8296069064481517, -0.0, 0.44874712369654557, 0.3554894345548998, -0.0, 0.13110652958234503, 0.6753035764923149, 0.13110652958234503, 0.6753035764923149, 0.5680792983231685, 0.13110652958234503, 1.3155317147692416, 0.8043536329241902, -0.0, -0.0, -0.0, 0.895099418378807, 0.13110652958234503, 1.2184577506348757, -0.0, 0.6429383500409614, 0.13110652958234503, 0.8471209452119235, -0.0, -0.0, -0.0, -0.0, 0.4394969869215134, 1.2364677957583912, 0.9417216643555513, 1.095454873081605, 2.0254675924442394, 0.13110652958234503, -0.0, 0.13110652958234503, 1.1119529773559085, 1.4587207092317018, 0.225363639127395, 1.1162041568149241, 0.5051268137294553, -0.0, 0.30540057087920036, 0.9997615248696312, 1.598077944815749, 0.5778540864567281, 0.30540057087920036, 1.9632076880045928, 1.6675497220228765, 0.7252897139133397, 0.13110652958234503, 1.3081931650529923, 0.13110652958234503, 0.13110652958234503, 1.1789344528912895, 1.5488347217868617, 0.4851107600601819, -0.0, -0.0, 0.13110652958234503, -0.0, -0.0, -0.0, 0.2617272754910313, 0.48511076006018194, 0.7693103617461837, 1.3090909691036434, 1.2466970079160178, 0.9417216643555513, 1.419789786510936, -0.0, 1.092329280721962, 0.4394969869215134, 0.4394969869215134, -0.0, 2.260195419712569, 0.43502189638448246, 0.8207581219468604, 0.9887483501983045, -0.0, 0.9417216643555513, 2.0146000050807262, -0.0, 0.13110652958234503, 1.1816366531575058, 0.2617272754910313, -0.0, 0.4350218963844825, -0.0, 1.049804652642806, -0.0, -0.0, 0.225363639127395, 0.9338397686640325, 0.13110652958234503, 0.919576952773282, -0.0, 1.0134207529878065, 1.7052578749300147, 0.9978527766088781, 0.2617272754910313, 0.13110652958234503, 0.9410871458875489, 0.8707442593678852, -0.0, -0.0, 0.7338988107776284, -0.0, 0.13303964861069895, -0.0, -0.0, 0.13303964861069895, 0.26557518099056504, -0.0, -0.0, -0.0, 1.2368985646397705, -0.0, -0.0, -0.0, 0.19590927087360493, -0.0, 0.39045213081320695, 0.19590927087360493, -0.0, 0.39045213081320695, -0.0, -0.0, 0.19590927087360493, 0.20062232431271465, -0.0, 0.20062232431271465, 0.8873068828532795, -0.0, -0.0, 0.3997900666170139, 0.8112781244591328, -0.0, -0.0, -0.0, -0.0, -0.0, 0.20062232431271465, 1.1096153217888276, 0.20062232431271465], "bollback": -2545.200741488693, "treelikeness": 0.2893863102738582}