{"taxa": 316, "sites": 1494, "patterns": 1030, "gaps": 0.49579999999999996, "invariant": 0.5522088353413654, "entropy": 0.20998554775569236, "column_entropies": [0.09408443883267345, -0.0, 0.05282677388968397, -0.0, -0.0, -0.0, 0.05104301664669756, -0.0, -0.0, -0.0, -0.0, -0.0, 0.05031761290692778, 0.04984622021387214, -0.0, -0.0, -0.0, -0.0, -0.0, -0.0, -0.0, -0.0, -0.0, 1.0, 0.09183716557777416, 0.08928947906233338, -0.0, -0.0, -0.0, -0.0, -0.0, -0.0, -0.0, -0.0, -0.0, -0.0, 0.1333361715748539, -0.0, 0.41787886586256173, 0.04720597158087904, 0.9182958340544896, -0.0, 0.04580001183260904, -0.0, -0.0, -0.0, 0.04411928310443161, -0.0, 0.0437636231174992, 0.5880585690719636, -0.0, 0.6361281819360294, -0.0, -0.0, 0.043588095738005976, 0.08645083800713431, -0.0, -0.0, 0.25232491580570704, -0.0, -0.0, -0.0, -0.0, -0.0, -0.0, 0.0429008690735602, -0.0, -0.0, -0.0, 0.1768031611445838, 0.3348666718176292, -0.0, -0.0, -0.0, 0.0429008690735602, 0.1826214438447545, 0.9720334868479674, -0.0, -0.0, 0.0429008690735602, -0.0, -0.0, -0.0, -0.0, 0.04307048235072913, -0.0, 0.042732686380876794, 0.0429008690735602, 0.9406015819016378, 0.8085817621678714, -0.0, -0.0, 0.042732686380876794, 0.042732686380876794, 0.07613169094711818, 0.11880151764807313, 1.1258826095835632, 0.32928849679087085, 1.468152648776511, 0.04324154504802915, 0.08543401652851353, 1.03160093990808, 0.18378432117443042, 0.20780677772468167, -0.0, -0.0, 0.10638840546946682, -0.0, 0.042732686380876794, -0.0, -0.0, -0.0, 0.9736064117343934, 1.102716397187471, 0.22934726725290067, -0.0, 0.7111537191609086, 0.27138958750811115, -0.0, -0.0, -0.0, 0.07613169094711818, -0.0, 0.3822007589467341, 0.042732686380876794, 1.1874485051155454, 0.9709505944546686, 0.5792553466991137, 0.22632663387934818, 0.10598808740545235, -0.0, 0.14862626205746254, 1.1458645798270897, 0.334566536732025, 0.6827159826798554, 0.28482110277706685, 0.863120568566631, 0.6523924496186014, 0.6444160098221728, 0.44934450243012575, 0.22632663387934818, 0.8246578332945033, 1.295461844238322, 0.4916443648408554, 0.042732686380876794, 0.6044164083462855, 0.29333653421235084, 0.11926171155434281, 0.11880151764807313, 0.9182958340544896, 0.32928849679087085, -0.0, 1.4527505648419006, -0.0, -0.0, -0.0, -0.0, 0.042732686380876794, 0.20706286899527238, 0.991729063994687, 0.44648134689680297, 0.042732686380876794, 0.10598808740545235, 0.0429008690735602, -0.0, 0.20780677772468167, -0.0, -0.0, -0.0, 0.8032659328606678, 0.20706286899527238, -0.0, 0.042732686380876794, 0.8896527499312277, 0.9590215551692691, 0.18378432117443042, 0.15935006268563445, -0.0, -0.0, 0.15935006268563445, 0.2922451794769961, 0.042732686380876794, -0.0, -0.0, -0.0, -0.0, -0.0, -0.0, -0.0, -0.0, -0.0, 0.7783555041916423, 0.07613169094711818, -0.0, 0.042732686380876794, -0.0, -0.0, 0.042732686380876794, -0.0, -0.0, 0.042732686380876794, 0.1335327155558973, 0.44951392070624874, 0.14862626205746254, -0.0, 0.07613169094711818, 0.3667395132133078, 0.6661192943646388, 0.04307048235072913, 0.6035296308732406, 0.6968325912274915, -0.0, 0.34742838988819935, 1.6530849166786816, 1.3086348884661378, 1.541568114539992, 1.9141701112307734, -0.0, 0.5032583347756457, 0.3154166604096278, 0.6092023644165342, 1.002329251086288, 0.5752507440242024, 0.974257830163176, 0.3760418387947031, 0.04256591576655208, 0.34487331262999554, 0.7056226728160226, 0.6852261605273186, 0.7451687872412208, 0.5435644431995964, 0.9182958340544896, 0.5985654411734633, 0.1748271017191419, 0.17548042430598676, 0.1812448340181929, 0.042400539046741015, 0.863120568566631, 0.596257951647204, 0.7772831707840006, 0.07555370865768682, 0.3270789462784917, 0.4733627218859787, -0.0, -0.0, 0.9486994038379446, -0.0, 1.4694669711300592, -0.0, -0.0, -0.0, -0.0, -0.0, -0.0, 1.0040671911953347, 0.042400539046741015, -0.0, -0.0, -0.0, -0.0, -0.0, 0.042400539046741015, -0.0, -0.0, -0.0, 0.042400539046741015, 0.042400539046741015, -0.0, -0.0, -0.0, -0.0, -0.0, -0.0, 1.0040671911953347, 0.042400539046741015, 0.5159444721923784, -0.0, -0.0, 0.07555370865768682, 0.11789254539450038, -0.0, -0.0, -0.0, 0.042400539046741015, -0.0, -0.0, -0.0, 0.042400539046741015, -0.0, -0.0, 0.13255054531036164, -0.0, -0.0, -0.0, 0.07555370865768682, -0.0, -0.0, -0.0, -0.0, -0.0, 0.042400539046741015, -0.0, 0.042400539046741015, -0.0, -0.0, -0.0, -0.0, -0.0, 0.07555370865768682, 0.07555370865768682, 0.47335815969933565, 0.042400539046741015, 0.042400539046741015, -0.0, 0.042400539046741015, -0.0, 0.042400539046741015, 0.07555370865768682, 0.9459979875533343, -0.0, -0.0, -0.0, -0.0, -0.0, 0.07555370865768682, 0.042400539046741015, -0.0, 0.3270789462784917, -0.0, 1.033848861881019, -0.0, -0.0, -0.0, 0.042400539046741015, -0.0, -0.0, -0.0, -0.0, -0.0, -0.0, 0.2893260877221141, -0.0, -0.0, -0.0, -0.0, -0.0, 0.042400539046741015, -0.0, -0.0, -0.0, 0.042400539046741015, 0.07555370865768682, -0.0, -0.0, -0.0, -0.0, 0.042400539046741015, 0.042400539046741015, 0.4960553302520245, 0.042400539046741015, -0.0, 0.042400539046741015, -0.0, -0.0, -0.0, 0.5017203190341232, -0.0, -0.0, 0.042400539046741015, -0.0, -0.0, -0.0, -0.0, -0.0, 0.11789254539450038, 0.14750498078426272, -0.0, -0.0, -0.0, -0.0, 0.07555370865768682, 0.042400539046741015, -0.0, 0.08477029851943796, 0.4586858162005403, -0.0, 0.07092080298271114, -0.0, 0.03535863377341594, -0.0, 0.03535863377341594, 0.03535863377341594, 0.03535863377341594, -0.0, 0.22828157672986515, 0.03535863377341594, 0.1735297502423911, 0.06306780800385679, -0.0, 0.03513719189363407, -0.0, 0.06249197532681508, -0.0, -0.0, -0.0, -0.0, -0.0, 0.2791195353958965, 0.0875427565816064, -0.0, -0.0, 0.16669320599306234, 0.16669320599306234, 0.03491870568141903, -0.0, 0.06230254712077371, -0.0, -0.0, -0.0, -0.0, -0.0, -0.0, 0.9852281360342515, 0.10109897779900492, 0.5551689790934182, 1.2485850711518565, 0.9293636260137187, 1.0417054218512722, 0.07206170752523061, 0.5983385177497095, 1.1448182031566403, -0.0, 1.13667997986789, 1.5144187164806104, 0.9468434944856845, 0.9547004074573193, 0.12556639629193206, 0.9182081221540568, 1.0518401995409647, 0.03639340337146427, -0.0, -0.0, -0.0, 0.2123809206675321, 0.3805313843818406, -0.0, 0.9706382661475208, 1.0708459401991495, 1.1567565150915904, 0.6125608863913521, 1.3216069583883467, 0.8222453660977032, 0.863120568566631, 0.45364957320303506, 1.139763537203928, 1.3110675294627994, 0.8956507717928489, 0.9486585250119537, 1.408136055041259, 1.3120138888509383, 0.9852281360342515, 1.4056390622295665, 0.7642045065086203, 0.9709505944546686, 0.40790598013897633, 0.1473106669304539, 0.21184880200187578, 0.5475266745551044, 1.142512211802233, 0.47664354974538314, 0.6988272185521962, 0.49593041843316515, 0.90655375006479, 1.0213494742454117, 0.9951335852007128, 0.9129889363770235, 1.0558173237350639, 0.03535863377341594, 0.6503243000868131, 0.06287459291205647, 0.544857946920665, 0.7129831118585968, 0.22789536587928316, 0.3594179140965329, -0.0, 0.9930080717663478, 1.563855632471859, 0.7190114767749196, 1.2714465427999362, 1.0971440412695763, 0.534151131228502, 0.3084207217366399, 0.2951995743777325, 1.4926140680171258, 1.329926272016175, 0.9556009902479962, 0.17105730842261752, -0.0, 0.30377759804579574, -0.0, 0.0344903607395326, 0.10896707770579582, -0.0, 0.12068228527921289, -0.0, -0.0, 0.06155707966316687, 0.8018715788563455, -0.0, -0.0, 0.27102755231492676, 0.09476466445431359, -0.0, 0.1277770967061604, 0.28339789375633423, 1.0530566728546988, 0.6293036817030191, 1.0, 1.0970094725869688, 0.9924000575716597, 0.37319081828270734, 0.21812692338475131, 0.3396385486823062, -0.0, 1.3755481747048652, 0.03346719734251921, 0.03346719734251921, 0.39028197470906995, 0.35755416072102697, 0.8998212607380223, 0.763123988016096, 0.9327162526713134, 1.0179831432946536, 0.7173327844833824, 1.0540157730728001, 1.1777501607742276, 0.5271456857354034, 0.38569039062893284, 0.23457069714333612, 0.03346719734251921, 0.03346719734251921, -0.0, -0.0, 0.7092762530702363, -0.0, -0.0, 0.6432364772858152, 0.49389617537954444, 