{"taxa": 57, "sites": 126, "patterns": 113, "gaps": 0.071, "invariant": 0.21428571428571427, "entropy": 1.1992087123031474, "column_entropies": [0.2974722489192896, 0.5974011484921664, 2.1772015435753485, 0.42350981076100436, -0.0, 2.230850761934017, 1.8219412859331916, 0.919138260153819, 0.12741851179235877, 2.036524583723925, 0.3665780125533459, 1.0770789227168105, 1.6715679577860905, 2.0095134680855775, 1.3460170990027267, 2.188848430269829, 0.9059937415896722, 2.0847935184231576, 2.207281494469598, 2.4450981033646846, 2.233488504780915, 0.8564052389131376, 1.6463103413785136, 1.260055605282078, -0.0, -0.0, -0.0, 0.254385027430421, -0.0, 0.254385027430421, 2.61247197482728, 0.254385027430421, 0.12741851179235877, 1.363732220073543, -0.0, 0.2974722489192896, 0.2192973081321754, 0.8403382416528837, -0.0, 1.6277167251922617, 0.3013786435930858, -0.0, -0.0, -0.0, -0.0, 1.3323801909298016, 1.8462325574095408, 0.1292337748458849, 0.2579991163999737, 1.9383401046530204, -0.0, -0.0, 2.5825823786058963, 2.0128740223540356, -0.0, 1.9973401842044542, 0.6475746186486807, 2.8730399115167025, 2.367492461184755, 1.4639224352920432, -0.0, 2.9766984589796976, 0.1292337748458849, -0.0, -0.0, -0.0, -0.0, -0.0, 1.6517578965641495, 2.5221767832138755, 1.6942304019833792, 2.349107709898392, -0.0, 2.0888043692446128, 1.107784384952517, 2.575287008365186, 0.6667179602038777, 2.6339586348996864, 2.3260265301011662, 2.4221080519086584, 2.331824413963337, 1.9253274729308096, 1.0377724203178629, 1.3858896545890276, 0.225363639127395, 2.8544768634471938, 1.846439344671016, 3.020290438097995, 2.080489181416997, 2.7100139531538674, 2.841823489271644, -0.0, 2.4380686855170906, 2.127745666637106, 2.4091743949271165, 0.3505730632745764, -0.0, 1.7909695305969293, -0.0, -0.0, 2.083168214862601, 2.6110286105522307, 0.1292337748458849, 0.1292337748458849, 2.456201567708059, -0.0, 0.222284830685688, 0.4985389856192778, 2.4387395836391126, 1.1342011237436478, 1.5977062254493095, 0.1292337748458849, 1.2707399935942658, 2.624742995684222, 2.607877377111085, 0.687168799984711, 1.895316312216042, 1.091571886725058, 0.4291807641022422, 1.1388967891212802, 2.085981206514418, 2.0009038602945655, 2.1875807526770075, 1.1687559172031003, -0.0, 1.4293951446497581], "bollback": -582.1417791304963, "treelikeness": 0.31398682690785457}