{"taxa": 207, "sites": 976, "patterns": 672, "gaps": 0.1023, "invariant": 0.4733606557377049, "entropy": 0.2482114642575011, "column_entropies": [0.046192440129626075, 0.04599532480368182, -0.0, 0.08214305133815328, -0.0, -0.0, 0.15896278731967917, -0.0, -0.0, -0.0, -0.0, -0.0, 0.04522463667671496, 0.08013604733127525, -0.0, 0.04466460085095255, -0.0, -0.0, 0.08929436395256155, -0.0, -0.0, -0.0, 0.04466460085095255, 0.04484961415137062, -0.0, -0.0, 0.04484961415137062, 0.5787946246321198, -0.0, -0.0, 0.08013604733127525, -0.0, 0.20173649841154528, 0.49017579162734015, -0.0, -0.0, -0.0, -0.0, -0.0, -0.0, 0.04429945728702207, -0.0, -0.0, -0.0, -0.0, 0.859880370790725, 0.3739612486186418, -0.0, -0.0, 0.04411928310443161, -0.0, -0.0, -0.0, 0.30137596114961074, 0.5469617407220057, 1.3994688867908762, 0.123583906745141, 0.5968861318277245, 0.4431837088230966, 0.8284622171210702, 1.2676281423411713, 0.8738173208127402, 1.326764871540235, 1.4806850441508113, 1.4355205042826666, -0.0, -0.0, -0.0, -0.0, -0.0, -0.0, -0.0, -0.0, -0.0, -0.0, 0.880364681862841, 1.1207142147530134, 0.7508122261027841, 1.356484920751986, 0.27917058367430225, 0.4262286569981449, 0.04411928310443161, -0.0, -0.0, 0.04411928310443161, 0.10928571467638522, -0.0, -0.0, -0.0, -0.0, -0.0, 0.04411928310443161, -0.0, 0.1816090854420183, 0.9982994837029028, -0.0, 0.2360555590056724, 0.22555753756229796, -0.0, -0.0, -0.0, -0.0, -0.0, 0.7390632767373162, 1.0, 0.3821346650907565, 0.7808080711659029, 0.36303941453818195, 0.7318305210146766, 1.1687103954901688, 0.04411928310443161, 0.208923447428938, 1.5219280948873621, 0.07917184980500325, 0.8977478327818644, 0.23157257378373047, 0.6443834793173691, 0.47965208707525414, 0.04411928310443161, 0.10928571467638522, 0.21911696912850054, -0.0, 0.18927843126120164, 0.4096249580590554, -0.0, 0.47357292491745184, 0.48585465433789443, 0.07854289760262752, 0.9296476705024905, 0.04411928310443161, -0.0, -0.0, -0.0, 0.500165258863773, 0.3193373865339728, 0.7824566247766134, 0.27917058367430225, -0.0, -0.0, -0.0, 0.16417120875391775, -0.0, 1.2781241512293149, 0.2589591026886216, 0.36636800244464723, 0.4983639626189279, 0.4917217795337989, 0.10928571467638522, 0.8054212974307569, -0.0, -0.0, 0.2589591026886216, 0.3570271647382335, 0.12259434995253723, -0.0, 0.04411928310443161, -0.0, -0.0, -0.0, -0.0, -0.0, -0.0, 0.5469063348323907, -0.0, 0.04411928310443161, -0.0, -0.0, -0.0, -0.0, 0.08820473335141979, -0.0, 0.2580186686648155, 0.21318395069088003, 0.704196365746847, -0.0, 0.18927843126120164, 0.5353027444883833, 0.5452573041962887, -0.0, 0.5175827525559072, 0.18927843126120164, -0.0, 0.07917184980500325, 0.36053819031372525, 0.36551835168701846, 1.3926829123137154, 0.07854289760262752, 0.08820473335141979, 0.544837647512129, 0.6315813690840099, 1.0747992714247796, 0.3204682874115842, 0.25203343851680476, 1.1026390891522673, 0.26217771615018576, 0.22555753756229796, -0.0, 0.07854289760262752, 0.13762613050130212, -0.0, 1.0365563938341118, -0.0, 0.9182958340544896, 0.7661493370832156, 0.7832211182191515, 0.3821346650907565, -0.0, 0.04411928310443161, 0.10928571467638522, -0.0, -0.0, 0.9620084113156231, 0.04411928310443161, 0.8681918092250822, 0.07854289760262752, -0.0, -0.0, -0.0, -0.0, -0.0, 0.3445110302107055, -0.0, -0.0, -0.0, -0.0, -0.0, -0.0, -0.0, -0.0, -0.0, 0.04411928310443161, -0.0, 0.04411928310443161, -0.0, -0.0, -0.0, -0.0, -0.0, -0.0, 0.34984147971679364, -0.0, 0.7832211182191515, -0.0, -0.0, 0.1533030024715269, 0.1816090854420183, -0.0, -0.0, -0.0, 0.04411928310443161, 0.04411928310443161, -0.0, -0.0, 0.04411928310443161, -0.0, -0.0, 0.13762613050130212, 0.43613156821004945, -0.0, -0.0, 0.04411928310443161, -0.0, -0.0, -0.0, -0.0, -0.0, -0.0, -0.0, -0.0, -0.0, -0.0, -0.0, -0.0, -0.0, -0.0, 0.27917058367430225, 0.5586293734521992, -0.0, 0.3939152573634121, 0.8075730096331478, 0.10928571467638522, 0.501592750910721, -0.0, -0.0, 0.10928571467638522, -0.0, -0.0, -0.0, -0.0, -0.0, -0.0, -0.0, -0.0, -0.0, 0.04411928310443161, 0.07854289760262752, 0.13762613050130212, 0.07854289760262752, -0.0, 0.04411928310443161, -0.0, -0.0, -0.0, -0.0, 0.04411928310443161, -0.0, -0.0, -0.0, -0.0, -0.0, 0.04429945728702207, -0.0, -0.0, -0.0, -0.0, -0.0, -0.0, -0.0, 0.04411928310443161, -0.0, 0.04411928310443161, 0.04411928310443161, -0.0, -0.0, -0.0, -0.0, 0.123583906745141, -0.0, -0.0, -0.0, -0.0, -0.0, -0.0, 0.04411928310443161, -0.0, -0.0, -0.0, -0.0, -0.0, -0.0, -0.0, -0.0, -0.0, 0.08820473335141979, 0.04411928310443161, -0.0, -0.0, -0.0, -0.0, -0.0, 0.04411928310443161, -0.0, 0.13762613050130212, -0.0, -0.0, -0.0, -0.0, -0.0, -0.0, -0.0, -0.0, -0.0, 0.9792781622596809, 0.6556007574904621, 0.6556007574904621, -0.0, 0.47357292491745184, -0.0, 0.04411928310443161, -0.0, -0.0, -0.0, -0.0, -0.0, -0.0, 0.07854289760262752, 0.42366095171639545, -0.0, 0.04411928310443161, 0.18927843126120164, 0.36668168150875663, 0.3445110302107055, -0.0, -0.0, 0.18927843126120164, 0.8112781244591328, -0.0, -0.0, 0.04429945728702207, 0.10928571467638522, 0.3458315336627642, 0.23692474671835084, 0.5608409452603375, 0.16417120875391775, 0.8681918092250822, 0.8610059743813272, 1.6141009130897035, 1.145805287925112, 0.9899171373432505, 1.4051766243981738, -0.0, 1.0, 0.34457412335160165, 0.828055725379504, 0.9837608885441201, 0.5649178928632256, -0.0, -0.0, 0.04411928310443161, 1.1384095499927138, 0.28625053255911775, 0.22555753756229796, 0.33593886832269904, 0.8579269429714639, 0.897383692022639, 0.5531110845657314, 0.7400629623216416, 0.71117146900692, 0.67901067341218, 0.6844916721449023, 1.1205930965566349, 1.1024015904695352, 0.8166890883150209, 1.3709505944546687, 0.4824044414696675, 1.0773637990045306, 1.1713087182336446, 1.2016174632338368, 0.04411928310443161, 0.259809479456113, 1.0336459397358984, 0.21673723613979634, 0.5196021187480114, -0.0, -0.0, 0.6017720459596366, -0.0, 0.2995889997621703, 0.9998484829291058, 0.3384685627160548, 0.7199820925235046, 1.1442323734163669, 1.3150300913135196, 0.9297637997321594, 1.3232001215418272, -0.0, -0.0, -0.0, 0.9182958340544896, 1.3984629382235516, 1.0397064729711993, 0.18999075553626754, 0.9774977946012602, 0.10928571467638522, -0.0, -0.0, -0.0, 0.3763439005378019, 0.04411928310443161, -0.0, 0.6462516222741292, 0.07854289760262752, 0.13762613050130212, -0.0, -0.0, 0.04411928310443161, 0.9816049632391411, -0.0, -0.0, 0.04411928310443161, 0.5032583347756457, -0.0, 0.04411928310443161, 0.5862693076521983, 1.0367840965757948, 0.9223305736747879, 0.9120229924997397, 1.7347196307459432, 0.7694946007549972, 1.0, 0.2580186686648155, 0.3193373865339728, -0.0, 0.3570271647382335, 1.6814803074264435, -0.0, -0.0, 0.5524629724048992, -0.0, -0.0, 0.3396562333551906, 1.00526297609444, 1.0598696924130357, 1.4353116285765002, 1.7575558832495837, 1.2842964758022597, 1.0378288289254045, 0.5632284400936456, 0.25990715092221867, 0.04411928310443161, 0.04411928310443161, -0.0, 0.04411928310443161, 0.04411928310443161, 0.12259434995253723, 0.04411928310443161, -0.0, 0.6872489168651591, 1.213249800366575, 0.4215914306668581, 0.813186724838245, 0.43613156821004945, 0.720171540238902, 0.9182958340544896, 1.0, -0.0, -0.0, 0.4479899960139088, 0.08820473335141979, 1.2510138625841816, 0.6792267443678772, -0.0, -0.0, -0.0, -0.0, -0.0, 0.10928571467638522, -0.0, -0.0, -0.0, -0.0, -0.0, 0.04411928310443161, 0.12259434995253723, 0.38741323848802145, 0.5747985019127151, 1.0338004679913562, 1.1852256426117502, 1.0929182500975507, 1.4184275497395311, 0.9963626336447923, 0.3570271647382335, -0.0, 0.9449382598624694, 0.8722691202710978, 1.1941665451432906, -0.0, 0.04411928310443161, 0.7000475981599447, 0.27917058367430225, 0.8845828762444122, 1.6873205826529392, 0.9951293050264185, 0.5486778712031519, 0.6849026316230598, 0.5717045326301715, 0.33505365852681623, -0.0, 0.18927843126120164, 0.13762613050130212, 0.08820473335141979, -0.0, 1.0319253280486917, 0.04429945728702207, -0.0, -0.0, 0.07885601377455284, -0.0, 0.47003511425295397, 0.4225852459042268, 0.32652588539496064, 