{"taxa": 137, "sites": 348, "patterns": 347, "gaps": 0.2631, "invariant": 0.1724137931034483, "entropy": 0.6932536871160327, "column_entropies": [-0.0, 1.911666030385314, 1.3480872686406118, 1.4567258851487581, -0.0, 1.2990034314074874, 0.7347045419494529, 0.8430872436723786, 0.08728058888363333, 2.1658301082617393, -0.0, -0.0, -0.0, -0.0, 1.333227315663855, -0.0, 0.7252375000152708, 0.2989407965272851, 0.20731018585948174, 0.694170349977136, 0.9400701205997773, 1.8112010036027497, 0.9076892807769374, 0.6804748013205202, 1.1447193589244735, 0.19902377455969078, 2.3514665536626844, 0.30724706801624996, -0.0, 0.08214305133815328, -0.0, 0.14372616993938178, -0.0, 0.1641343332046879, -0.0, -0.0, 1.0399204632685932, 0.1425733302598987, 0.6840384356390417, 0.08146202691506, -0.0, -0.0, -0.0, 0.08146202691506, 0.3624933618603243, 1.4560520442648581, 0.40858918931076554, 0.9391093657783127, 2.590538036044677, 1.014558270865301, 0.7747826331000933, -0.0, 1.0192661920941495, 0.07949044238393407, 1.0385812107280588, 0.6894177079551159, 2.8430475071914043, -0.0, 0.8844952568609475, 0.9230994428479542, 1.2953324343414878, 0.37677436090060346, 1.1050152679647745, 0.3739612486186418, 1.4622388902738932, 0.9019694570732975, 1.7768357140124051, 0.7206390684930006, 0.747584679824574, 1.1354974459759402, 0.07823246525771237, -0.0, -0.0, 1.0613448216951868, 0.6859315226878925, 0.15633024813058694, 0.13815722856252644, 0.13815722856252644, 0.21673723613979634, 0.7324992860326534, 0.3939152573634121, 0.7101234912653349, 0.4947925343106275, 0.5052277655712987, 0.3513406278730023, 0.31287908941146386, 0.8752439666359049, 1.4817155241460889, -0.0, 0.3900329036933096, 1.065112601523366, 2.3621957221757537, 1.059726362617462, 1.0901151644705622, 0.31166198862303285, 1.8981068336417612, 1.5802836700856666, 2.507457281191052, 1.2751051491969299, 0.6249837793613646, 1.875147108810526, 1.1206727741159408, 0.07642429309554775, 1.7974906862720768, 1.1901557822727362, 0.9633695815702774, 0.49986693782425706, 0.6641453388022742, 0.18312206830137276, -0.0, 1.815831344028378, 0.07584150637714708, -0.0, 0.9936827634814359, 1.319048751233868, -0.0, 1.3665321564121204, 0.20863028591399746, 1.2398656955240974, 0.1470909177030278, 0.795295698784644, 0.07470433715479614, 2.3974524959893637, 2.3598520239206064, 2.583024344518913, 0.2778666091886399, 0.9788240010316263, 0.4500975843303004, -0.0, -0.0, -0.0, 0.6661134814555979, -0.0, -0.0, 0.1470909177030278, -0.0, 0.48307639728699436, -0.0, 0.7979408254835846, 0.885612871398971, 0.32439193056576304, 2.000154181025017, 0.36843020613171923, 1.014154004725711, 0.9985867867055627, 0.8478762936005964, 0.14601824414207482, 0.8588485101051444, 0.07253718299881004, -0.0, 0.07253718299881004, 0.14392289657119078, 0.07253718299881004, -0.0, 0.07253718299881004, 1.8999159777812782, 0.14392289657119078, 0.8153877382708006, 1.6231612200429022, 0.42925606925959814, 0.2681210703822991, 0.6618664866480851, 0.29819609282563053, 0.7355085815538398, 0.0715037894499587, -0.0, -0.0, 0.2427142045827235, 0.0709989466364099, 0.07253718299881004, 0.36334746825549086, 0.07253718299881004, 0.14601824414207482, 0.0730661193138456, 0.07253718299881004, 0.0730661193138456, 0.14496237144148158, 0.254385027430421, 0.29138044047452266, 0.07253718299881004, 0.2477632072360046, 0.31984633957835185, 0.9831519650086145, 0.07201647168541384, 0.1265315922233647, 1.3945675641385094, 1.4048841665729666, 0.07253718299881004, -0.0, 1.743233172483663, 0.07201647168541384, -0.0, 1.7619684948907133, -0.0, 0.12831912909782703, 0.1767766970180548, 1.1268503722000756, 0.438190195261734, -0.0, 0.2477632072360046, 0.6389456902211058, 0.4364594285077261, -0.0, 0.5960849321038393, 0.12741851179235877, 1.1005335890240069, -0.0, 0.27387726860381634, -0.0, 1.0651606105106677, 0.40353380346860535, 0.7109167422109041, 0.32947499116070755, 0.07201647168541384, -0.0, -0.0, 0.14392289657119078, 0.1265315922233647, 0.1265315922233647, 0.07201647168541384, 0.1265315922233647, 0.7076690004167968, 0.07253718299881004, -0.0, -0.0, -0.0, 0.2477632072360046, 0.30023391190197496, 0.32947499116070755, 0.685750764543924, 0.2719288870795438, 1.222169855433022, 1.3620644809460336, 0.07201647168541384, -0.0, 0.14496237144148158, 0.44611935585696805, -0.0, 1.0379446527998077, 0.44101320412604095, 0.40414449184600487, 0.5064742014611319, -0.0, -0.0, 0.3541253557524516, 0.4782481464041505, 0.0741494835779208, 0.724148559405177, 0.42508452081008, 0.2799090936728495, 0.38499045726250464, 1.2902779613675568, 0.2040748732541185, 1.2196732453176653, -0.0, 1.8663659636749572, 1.4184300742404237, 0.9239829709672467, 1.0, 1.8326077675516481, 0.5021819471621914, 1.329438389708425, 0.41482157921276586, 0.07470433715479614, 1.3157523351394897, 0.798302597238841, 0.13110652958234503, 1.4812122104901524, 0.5519574657056165, 0.784394485583224, 1.0883924378912297, 0.3554894345548998, 0.8920220439131581, 0.07526826758743452, 1.0740671788651792, -0.0, 2.1356094632654252, 1.299685215805792, 0.07701687574298335, 1.7949358882050583, 1.5502042669555542, 0.6609623351442084, 1.1836542631207068, 1.2257087410183414, 0.6867105624889464, 1.3165031473344335, 2.227895180119245, 0.13605928623877514, 0.9632279842594876, 0.07823246525771237, 0.21673723613979634, 0.35833367119692516, 0.8276685773310519, 0.21673723613979634, 0.07885601377455284, -0.0, 1.6106766794433436, 0.6903890678808564, 1.4353908318523876, 1.9876059880439922, 1.4843645488495558, 0.15884084219235378, 0.13923299905509887, 0.706994216828635, 0.6864073004550088, 0.74710587709007, 1.5, 1.0, -0.0, -0.0, 1.0, 1.0, -0.0, 2.303158142321222, 0.8875448531576126, 0.08013604733127525, 1.1865476430872235, -0.0, 0.22017618846179074, 0.5711213472799974, 0.14032727099059325, 1.730773385978785, 2.381877435413244, 2.0870996397851256, -0.0, -0.0, -0.0, 0.08146202691506, 0.6594408001620926, 2.2244607844575595, 1.6693945980380758, 2.7364134848808352, 1.640769388823349, 3.0357646865543053, 1.5484267579684725, 2.752643531642392, 2.8568979706350373, 3.5210476461853473, 1.166914072870771, 0.6469848013131738, 1.0, 1.649154111215169, 0.3123822928331854, 1.8651383359613678, 0.5195785150712244, 1.748608877456289, 1.2745842233252298, 1.7011573512679918], "bollback": -2035.1801686003973, "treelikeness": 0.4365217017700498}