{"taxa": 318, "sites": 1434, "patterns": 868, "gaps": 0.0387, "invariant": 0.4790794979079498, "entropy": 0.16686965627024594, "column_entropies": [-0.0, -0.0, 0.9182958340544896, -0.0, -0.0, 0.18312206830137276, -0.0, -0.0, -0.0, -0.0, 0.13503620280212764, -0.0, -0.0, 0.13110652958234503, 0.12741851179235877, 0.12565805017256743, 0.12565805017256743, -0.0, -0.0, -0.0, -0.0, -0.0, 0.9709505944546686, -0.0, -0.0, 0.7721551435804814, 0.0989590953557431, -0.0, -0.0, 0.4844132421317914, 0.45237815480687715, 0.13303964861069895, 0.22207994555243837, 0.4490507610730569, 0.3250771406048312, 0.0344903607395326, 0.03386855598926829, 0.03356657775793617, -0.0, -0.0, 0.8139625284011012, -0.0, 0.03213925433855834, 0.17264890304083388, 0.07970438727537221, -0.0, 0.5225593745369408, -0.0, 0.08801070661267461, 0.9530500871850387, 0.056220358390271064, -0.0, 0.3550515317090712, 0.06232989310899945, 0.055919636698743044, 0.07823246525771237, -0.0, 0.031172380687192587, -0.0, 0.03125769734920815, 0.055919636698743044, 0.27568988427813396, -0.0, -0.0, 0.23462244848749317, -0.0, 0.1533580897060429, 0.03083604630370792, 0.09794058271817413, -0.0, 0.2084813748130261, -0.0, 0.2329278554698122, 0.05532848503795462, 0.03083604630370792, -0.0, -0.0, 0.03083604630370792, 0.03083604630370792, 0.2329278554698122, -0.0, 0.03083604630370792, 0.17033057560105985, 0.03083604630370792, -0.0, 0.13265860573159385, 0.3185305180716467, 0.03083604630370792, 1.318819805370612, 0.03083604630370792, -0.0, 0.030753173912389797, 0.7022857313799219, 0.20208540718193507, 0.05518279735709544, 0.07721662429040307, 0.05518279735709544, 0.43672540436788676, 0.030753173912389797, 0.030753173912389797, 0.3395966302164588, 0.030753173912389797, 0.030753173912389797, 0.061491945622079665, 0.030753173912389797, 0.13537535659068697, 0.11661695099142769, -0.0, 0.030670777440983978, -0.0, 0.030670777440983978, 0.030670777440983978, 0.2868381821830992, 0.030670777440983978, -0.0, 0.74406758873186, 0.030753173912389797, -0.0, 0.030670777440983978, -0.0, -0.0, 0.2117925838096945, -0.0, 0.030670777440983978, 0.41923299508081996, 0.07701687574298335, -0.0, 0.07701687574298335, -0.0, -0.0, 0.030670777440983978, 0.07701687574298335, 0.1699097695007582, 0.05518279735709544, 0.030670777440983978, -0.0, 0.22930865814411533, -0.0, -0.0, 0.07701687574298335, -0.0, -0.0, 1.176810653497797, -0.0, -0.0, 0.2318130500245902, -0.0, -0.0, 0.030670777440983978, -0.0, -0.0, 1.1618633650971408, 0.18316581663839032, -0.0, 0.5122772249069845, -0.0, -0.0, 0.6784232197116191, -0.0, 0.030670777440983978, 0.07701687574298335, 0.030670777440983978, -0.0, 0.7435470108227555, -0.0, -0.0, 0.8938863196388609, -0.0, -0.0, 1.343752775844024, 0.07701687574298335, 0.061491945622079665, 0.6453649629045615, 0.030670777440983978, 0.030670777440983978, 0.06132724325930969, 0.030670777440983978, 0.030670777440983978, 0.5433943374233183, -0.0, -0.0, 1.4440213651014175, -0.0, -0.0, -0.0, -0.0, -0.0, 0.08590712114265377, -0.0, -0.0, 0.33211389169622374, -0.0, -0.0, 0.33366269030593443, -0.0, -0.0, 0.2610687276122445, -0.0, -0.0, 0.14767862009191765, -0.0, -0.0, -0.0, -0.0, -0.0, 0.107926454139177, 0.05518279735709544, 0.030753173912389797, 0.3754954058372336, -0.0, -0.0, 0.5534615069007622, -0.0, -0.0, -0.0, -0.0, -0.0, 0.45176172470036, -0.0, -0.0, 0.699951191403326, 0.05518279735709544, -0.0, 0.7076424878643737, 0.05518279735709544, -0.0, 0.030753173912389797, -0.0, -0.0, 0.33594481536687715, 0.030753173912389797, 0.13231259547951785, 0.5468762421548026, 0.030753173912389797, -0.0, 0.08590712114265377, -0.0, -0.0, 0.030753173912389797, -0.0, 0.030753173912389797, 0.49224046010204836, -0.0, -0.0, 0.5218178377767217, -0.0, -0.0, 0.030753173912389797, -0.0, -0.0, 0.5352752839135302, 0.097689506196475, -0.0, 0.2143961436773681, -0.0, 0.061491945622079665, 0.061491945622079665, -0.0, -0.0, 0.7500174077735549, 0.8158570581701262, 0.23236897680824098, 0.28760486010264774, 0.39816497355476, -0.0, 0.6453929044561983, -0.0, -0.0, 0.8607261428059423, 0.14767862009191765, -0.0, 1.0942639793021676, -0.0, -0.0, -0.0, 0.39816497355476, 0.030753173912389797, 0.1720355408351471, -0.0, -0.0, 0.5268592228918914, -0.0, 0.030753173912389797, 0.107926454139177, 0.03083604630370792, -0.0, 0.34062054968983063, 0.05532848503795462, 1.1200833257420069, 0.09794058271817413, -0.0, -0.0, -0.0, -0.0, 1.0238345129613697, 0.11729546341427315, -0.0, -0.0, 0.28907945973164645, 0.3196778982238326, 0.3196778982238326, 0.19449346175105897, 0.03083604630370792, -0.0, 0.10820992606575808, -0.0, -0.0, 0.1389877196556445, -0.0, -0.0, 0.05532848503795462, -0.0, -0.0, 0.6945356562303455, 0.03083604630370792, -0.0, 0.8302140427536379, 0.1533580897060429, -0.0, -0.0, -0.0, -0.0, 0.11699791733354514, -0.0, -0.0, -0.0, -0.0, -0.0, 0.030753173912389797, -0.0, -0.0, 0.13537535659068697, -0.0, -0.0, 0.1699097695007582, -0.0, 0.030753173912389797, 0.21232982811883944, 0.030753173912389797, 0.030753173912389797, 0.1873502189811198, 0.030753173912389797, 0.030753173912389797, 0.061491945622079665, 0.030753173912389797, 0.061491945622079665, 0.08590712114265377, 0.030753173912389797, -0.0, 0.4818620967698216, 0.08590712114265377, 0.030753173912389797, 0.030753173912389797, 0.06165759896200525, 0.03083604630370792, 0.08613549789257914, 0.03083604630370792, -0.0, 0.3700565511766892, -0.0, -0.0, 0.5338424329074279, -0.0, -0.0, -0.0, -0.0, 0.05532848503795462, 1.5951164424115813, -0.0, -0.0, 0.12871837630806052, -0.0, -0.0, 0.09819306755992195, -0.0, 0.03083604630370792, 0.472668755262497, -0.0, -0.0, 0.03083604630370792, -0.0, -0.0, 0.8417395496935569, 0.05532848503795462, 0.05532848503795462, 0.23326733727140841, -0.0, -0.0, 0.7704121553599679, -0.0, 0.030919398857212517, 0.715300046691812, 0.4076504000519712, -0.0, 0.4273297583972861, 0.05547500540343898, 0.05562236581831018, 1.0183224551447307, -0.0, 0.03083604630370792, 0.3196778982238326, 0.7012065844539666, 0.03083604630370792, 0.15470372083741757, 0.03083604630370792, -0.0, 0.12905384176818796, 0.5916727785823275, -0.0, 0.4623970747936043, -0.0, -0.0, 0.8125336096400227, -0.0, 0.030919398857212517, -0.0, 0.38861174916944274, -0.0, 0.3466466017138478, 0.18717625687320816, -0.0, -0.0, 0.12905384176818796, -0.0, 0.49714762736882145, -0.0, -0.0, 0.49444021157848406, 0.9466543686176948, 1.1812738608049613, 0.4597345669966654, 1.0445482566749547, 0.05547500540343898, 0.4883071735138641, -0.0, -0.0, 0.13605928623877514, 1.3381684302595414, 0.8614864267399645, 0.4388993579261371, -0.0, -0.0, 0.07761951112637416, -0.0, 0.030919398857212517, 0.10849501199749825, -0.0, -0.0, 0.2897588101801887, 0.07761951112637416, -0.0, 0.23384533573418795, -0.0, -0.0, 0.9862562443548402, -0.0, -0.0, 0.9070255169989399, 0.030919398857212517, 0.030919398857212517, 0.36847118063868123, -0.0, -0.0, 1.0263148998737937, -0.0, -0.0, 1.4034726197286453, -0.0, 0.03083604630370792, 0.09794058271817413, -0.0, -0.0, 0.1533580897060429, 0.05532848503795462, 0.07741749946801121, 0.07741749946801121, -0.0, -0.0, 0.4926186659651684, -0.0, -0.0, 0.05532848503795462, -0.0, -0.0, 0.07741749946801121, -0.0, -0.0, 0.07741749946801121, -0.0, -0.0, 0.35255557908890983, -0.0, -0.0, 0.27554378096571663, -0.0, 0.03083604630370792, 0.2025783405415805, -0.0, 0.03083604630370792, 0.4926186659651684, -0.0, -0.0, 1.4806924155362755, -0.0, 0.06165759896200525, 0.7931244430214011, 0.061491945622079665, -0.0, 0.683282511664681, 0.4820616793921677, 0.030753173912389797, 0.11661695099142769, 0.030753173912389797, -0.0, 0.7065252207030159, -0.0, 0.030753173912389797, 0.22988638192107363, -0.0, 0.030753173912389797, 0.15297609610339186, -0.0, -0.0, 0.3144842065394575, -0.0, -0.0, 0.07721662429040307, -0.0, -0.0, 0.13537535659068697, -0.0, 0.030753173912389797, 0.8169303991134134, -0.0, -0.0, 0.030753173912389797, 0.07721662429040307, 0.030753173912389797, 0.21688022085983036, 0.030753173912389797, -0.0, 0.8111880351676186, 0.11699791733354514, -0.0, -0.0, -0.0, 0.030753173912389797, 0.6994763050053296, -0.0, 