{"taxa": 153, "sites": 455, "patterns": 437, "gaps": 0.4547, "invariant": 0.13846153846153847, "entropy": 2.2402264212471663, "column_entropies": [0.11360277316267187, 1.9078769113137979, -0.0, 0.39662777277837885, 0.10053087773783526, 0.3483624694365517, -0.0, 2.6302542834995597, 2.215299135798275, 0.05683240450033151, -0.0, 1.407298628441734, 2.498095281909976, -0.0, 2.225249563088874, 3.44555724169706, 1.1710846855915442, 1.5590383003236792, 2.899988582877578, 3.2647065590257602, 1.8501571351694424, 1.2381800506085487, 3.156313028971806, 3.4421081467083883, 3.6894858529247525, 2.078253567753289, 2.913605703396685, 2.8955622621790313, -0.0, 2.974937501201927, 2.6433147583406384, 3.162555786926154, 2.8552727588809423, 3.385819502913868, 3.511753352351151, 3.008870968874561, 3.366477570100629, 3.3038331020407403, 3.754441845713345, 0.9141828384352135, 3.438721875540867, 3.207931791744239, 3.037375792583608, 3.5000854695320793, 1.56927880388898, 1.2487849317343562, 2.677279274584122, 1.6404899825391857, 0.05683240450033151, 0.7300219483923005, 1.6237743291693971, -0.0, 2.068614540116207, 1.0968703691926516, 1.4315091643258628, -0.0, -0.0, 1.9926717478473768, 0.05683240450033151, 2.1181477292824997, 1.678708040183548, 0.9930554830121974, 0.1746681724386513, 2.0256378241269, 2.004748831120743, 1.447278169028993, 1.9808010778891048, 1.3689706564115411, 0.11360277316267187, 2.3766413472525065, 2.4799991768484926, 1.7186463292014929, 2.109105130470577, 1.784498706305863, 2.058041652595136, 2.5959552994957082, 1.8050863121643983, 3.119539417805421, 0.6389303109067255, 0.7138237391972817, 0.9457794168199735, 1.9055658516301843, 2.049104007471253, -0.0, 0.8795064608120066, 0.5907239186406502, -0.0, -0.0, 2.2856005389623077, 3.4050953672667004, 3.2673325750945024, 1.6480555018793477, 3.242741502220621, 3.1456781031635868, 2.606932130099356, 1.3173620878188406, 1.815712542643, 3.0523198408744094, 1.4806297949720986, 3.144484168311389, 3.085311477858668, 3.523939525016302, 3.415787472757308, 3.68177753306403, 2.8424596372862356, 1.891492367625145, 3.053538862116837, 2.682834633798888, 3.044722247459833, 2.5483881955748586, 2.9011476315793794, 2.8390828722076455, -0.0, 1.0, 1.9213891571117696, 1.885026987674098, 2.7382187444034267, 3.1267246756636564, 2.951451857138386, -0.0, -0.0, -0.0, -0.0, 1.2916919971380596, 3.0132121560445535, 2.153528389024313, 0.39554731223964723, 1.5451835466860548, 3.565913607372727, 3.796672591301524, 3.1624719804943333, 3.523975695659716, 2.8786485570860103, 3.4683098634156955, 2.5575244959925634, 3.3283128585073474, 3.2773118807203696, 3.2105934160872884, 3.2313635359612327, 1.335564162174944, 1.4081786362743962, 1.5850360244101773, 1.766248977781946, 1.2724738960664093, 0.965112156978532, 1.1991223510451756, 0.4213582670988373, 0.5844015165926546, -0.0, -0.0, -0.0, -0.0, -0.0, -0.0, -0.0, -0.0, -0.0, -0.0, -0.0, -0.0, -0.0, -0.0, -0.0, -0.0, -0.0, -0.0, -0.0, -0.0, -0.0, -0.0, -0.0, -0.0, -0.0, 1.8999738180871066, 1.057758463956139, 0.05683240450033151, 1.9155151016180232, 0.5596617638858469, 1.80655487698477, 1.0901127807239852, 2.2399665354477487, 1.351458958680544, 1.6372374772108467, 1.5828786938092816, 2.920342212403663, 2.157701122271023, 3.401179000810113, 3.6958265760102633, 3.6698886766211998, 3.2281742041355463, 3.621414711255276, 3.848334697990764, 3.8428275146219195, 3.7288549080185, 3.495330625759653, 3.5052352222127836, 2.8728013912465626, 3.5715281554364355, 2.8617687959731946, 3.5504242308923515, 2.3091073240841267, 3.171302302288371, 3.5428377974034158, 3.147228167451278, 3.009372702905613, 2.419556298571613, 3.3637132757501895, 3.0957952550009344, 2.845350936622437, 2.0, 2.0, 1.5, 2.0, -0.0, 2.577819531114783, 3.1307179879273743, 3.084183719779189, 3.390805482076982, 3.5160276412662306, 3.1333807190554004, 2.886842188131012, 2.8559049224696933, 3.1086949695628423, 2.7192945256669794, 2.7773627950641693, 3.084962500721156, 1.5219280948873621, 1.9219280948873623, 2.725480556997868, 2.725480556997868, 1.5487949406953985, 2.5, 2.5216406363433186, 2.584962500721156, 2.7516291673878226, 2.125814583693911, 2.835237745312118, 2.353533948577482, 1.8540808080736912, 3.26804882875796, 2.858278308418045, 3.419381945646371, 3.1026831892554925, 3.41379956460568, 3.4371932086075945, 3.6769648867289004, 3.6601694500095774, 3.880251085560843, 3.4288491775093353, 3.8716535224393334, 3.9650775843424864, 3.7284530695140305, 3.3765065018706943, 3.5482833528033657, 3.643090782942887, 3.58796901432545, 3.8734961707547337, 3.7715305620370647, 3.773094662863198, 3.6759998517516315, 3.625322342394333, 3.543842371404031, 3.608035459761463, 3.4312909375974185, 3.675139183150987, 3.450815679845974, 3.4184087851921614, 3.5253125744473195, 3.6572682296173897, 3.6304126608739984, 3.3632869239960543, 2.6612262562697895, 2.7219280948873625, 2.7219280948873625, 3.1219280948873624, 2.1219280948873624, 2.5032583347756456, 2.0, 3.0441104177484006, 2.9464393446710155, 3.484183719779189, 2.8665871058289594, 2.350209029099897, 3.1728107335198645, 3.3632869239960552, 2.704534899819343, 3.663532754804254, 3.518979076096715, 3.5750705203641817, 3.96619338222986, 3.7683196248510558, 3.661853894758646, 3.774768581898508, 3.641377929848076, 3.669413943853027, 3.574801385848773, 3.576286069475106, 3.7015184415708586, 3.459466927684565, 3.3964621555682757, 2.145754802215293, 2.047846288770251, 2.6781434128787276, 2.329027653355489, 0.8007844865281246, 1.2059957420911116, 3.1757324753221328, 2.483878977180541, 2.884729602675319, 3.6165427827239776, 1.0, 1.0, 1.0, 1.0, 1.0, -0.0, -0.0, -0.0, 1.0, -0.0, -0.0, -0.0, -0.0, -0.0, -0.0, 1.0, 1.0, 1.0, 2.1868514837041353, 2.041981884738228, 3.5334709450808455, 3.1803103290500703, 3.279564318283137, 2.863776885193266, 3.427791110686758, 3.1425189299991314, 2.3128132519612095, 3.6075561071144664, 3.5746587422334803, 2.6666883248358384, 1.987355547521005, 3.4350175816478674, 3.4537278546294363, 3.799792747210312, 3.5277329623577875, 3.6223757917135604, 3.6796122164584744, 3.8232231870144737, 3.815372212090694, 3.6553644483015995, 3.6516958569606244, 3.220710424146667, 3.233153998334699, 1.0, -0.0, 1.736196715624298, 3.590386364047025, 3.345822675295704, 3.7494224064876973, 3.5895640978162917, 3.5594987360005854, 1.8861659805907394, 3.4704135146359443, 2.3298502204253664, 1.5728378657119386, 1.6888349312996325, 1.9984458259643718, 0.7783873450102817, 1.2929192268455267, 3.058449326267846, 3.4532184982769554, 1.122984244028917, 0.3287539239930426, 2.1941469223250576, 3.2675090070017365, 1.9182958340544896, -0.0, -0.0, -0.0, -0.0, -0.0, -0.0, -0.0, 1.584962500721156, 1.8727268265165882, 3.420026773325034, 2.8231815435647842, 1.3160423626097166, 2.7835745376520755, 2.94010405112015, 3.130819260998081, 2.742972029016129, 2.5676938734264807, 3.362093390935282, 3.1157659693911293, 3.7991289413532954, 3.744315564196765, 3.399638922212165, 3.1547565575443026, 3.805298742425959, 3.3726667070685763, 2.697518640273382, 3.2041521883792723, 3.5967121783763307, 3.5247948268146563, 3.47742353244882, 3.7797947415804294, 3.8871820562204245, 3.3425195097524654, 3.8073691315985965, 3.7565414415729266, 3.737965696814319, 3.6694010294424237, 3.6128003409591742, 3.8694070959731923, 3.6660415295415083, 3.586251387956984, 3.499477870505611, 3.4067695607232538, 3.658006696105124, 3.2141282928891406, 3.3273399000835093, 1.0, -0.0, -0.0, -0.0, 2.170950594454669, 2.984234164652489, 2.483006780520075, 1.7295290545023008, 2.9891952775050927, 3.3817670105570987, 3.148868224796575, 3.458808798960418, 3.3906488397456886, 3.7591288768894793, 3.4397636140228025, 3.5347199029484915, 3.708215178885033, 3.408355012037597, 3.0992331887986255, 2.5614264188160147, 3.2881637805586914, 2.098975159729039, 2.461013427181631, 1.6711472924463706, 1.7576297075030611, 0.26690501398334177, 0.7383586070365927, -0.0, 0.40030964583354633, 0.17313979255624382, 0.686444116171266, 0.7425111262788033, 1.1347127573616433], "bollback": -2755.439693968991,