{"taxa": 324, "sites": 1405, "patterns": 536, "gaps": 0.4211, "invariant": 0.703914590747331, "entropy": 0.17302953386370007, "column_entropies": [-0.0, -0.0, 0.1654270339962668, -0.0, -0.0, -0.0, -0.0, 0.044481222616738245, -0.0, 0.07917184980500325, 0.46121604051390946, -0.0, -0.0, -0.0, -0.0, -0.0, 0.6481312378078847, -0.0, -0.0, -0.0, -0.0, -0.0, -0.0, -0.0, -0.0, -0.0, -0.0, -0.0, -0.0, -0.0, -0.0, -0.0, -0.0, -0.0, -0.0, -0.0, -0.0, -0.0, -0.0, -0.0, -0.0, 0.6472826731782778, 0.10133734787812126, -0.0, 0.32508219764519103, 0.031958698733103356, 0.22507986136742186, -0.0, 0.7390342030076587, 0.5500677223027484, -0.0, 0.5236205195736668, -0.0, -0.0, -0.0, -0.0, -0.0, 0.030345867660395466, 0.4366771041878523, -0.0, -0.0, -0.0, 0.807577085445647, -0.0, -0.0, -0.0, -0.0, -0.0, -0.0, 1.2988519769336955, 0.7483498037409102, 0.9193243704976755, 0.6925137914729137, 0.030265788895452297, -0.0, -0.0, -0.0, 0.030265788895452297, -0.0, 0.030265788895452297, 0.42531473434987543, -0.0, 0.030265788895452297, -0.0, -0.0, -0.0, -0.0, 1.088460004384696, -0.0, 0.9537534975573589, 0.4561059682699058, -0.0, -0.0, -0.0, -0.0, -0.0, 0.030265788895452297, 0.21370235437537896, 0.030265788895452297, 0.3102460608137779, 0.42531473434987543, 0.6145505527055392, 0.8214000801145529, -0.0, 0.030265788895452297, -0.0, 0.9868299703125326, -0.0, 0.995674324271198, 0.030265788895452297, 0.1835629857621859, 1.4076018335348892, 0.8314743880097293, 0.9746798699826343, 1.3971351315235925, 0.2844209505804727, -0.0, -0.0, 0.13027683369519893, -0.0, 0.6983196445285329, 1.4466164174870941, 0.1835629857621859, 0.3704134750094805, 1.0112667764683587, 0.20224666028477223, 0.0760346956656914, 0.25741808060334215, -0.0, 1.391095351618815, 0.4460080753936952, 1.1612681088722077, 0.3316994151216474, 0.5042894630287681, 0.1388058971693892, -0.0, -0.0, -0.0, 0.19918236695775415, 0.054325756036775294, 1.0996543936200067, -0.0, -0.0, 0.18312206830137276, -0.0, -0.0, 0.898653375690748, 0.5291087262024945, 1.448807387332887, 0.9555929117356741, 1.2216742809903396, 0.03018616163111319, 0.07584150637714708, -0.0, 0.6678885417481017, 0.9984073220991563, 0.03018616163111319, 0.5731393980555146, 0.09597040299587187, 0.228538143953528, 0.9990102708804813, -0.0, 1.7812976496386885, 0.547881129703254, 0.6846468994378735, 0.8385549085811518, 0.32421272985137517, -0.0, -0.0, 0.6240954272126867, 0.03018616163111319, 1.0629100804778764, -0.0, -0.0, 0.16702680404522807, 1.0560068376693938, 0.03018616163111319, 1.0098100236755654, -0.0, 0.15035939483340455, -0.0, 0.15035939483340455, -0.0, -0.0, 0.9509560484549725, -0.0, 1.408939492142035, 1.0470101787411277, 0.03018616163111319, 0.8592721745661324, -0.0, -0.0, -0.0, -0.0, -0.0, -0.0, -0.0, -0.0, -0.0, -0.0, 0.03018616163111319, 1.6556919301836328, 0.07584150637714708, 1.1385019735720312, 1.4024726431569694, 0.03018616163111319, 0.9943033888108012, 0.6771882964915081, 1.24246190797106, 0.12994410383167157, 0.9182958340544896, 0.15035939483340455, 1.2098363556017628, 0.09597040299587187, 0.4939289293174334, 0.9946059813005232, 0.3280177719788324, 0.054185698091702955, 0.44101320412604095, 0.36321847784508277, 0.5859470060599886, 0.054185698091702955, 0.8601614996603477, 0.6269948563165912, 1.547694194548432, 1.026154103636131, 1.244813594879053, 0.6436148691435691, 0.6428062550489804, 1.7968112555269458, 1.6605339073486087, 1.0313186669720924, 0.9407295198837792, 1.5932851615216195, 1.4615297930162638, 1.4612854743139656, 1.6746871646896122, 0.7374530005951553, 1.588766077624721, 0.964078764808229, 0.6461080772514484, 1.0322564092774753, 1.3779373535880903, 0.5916727785823275, 0.2728614782832425, 1.1753141903351034, 0.9599377175669783, 0.9087569615031437, 0.9813387358307915, -0.0, -0.0, 1.3372487855190112, -0.0, 0.07584150637714708, -0.0, -0.0, -0.0, -0.0, -0.0, -0.0, -0.0, -0.0, -0.0, -0.0, -0.0, -0.0, 0.07584150637714708, -0.0, 1.1170949925429108, 0.32203031259834713, 0.03018616163111319, 0.2566220876444775, 0.5304245472812996, 0.9783683402823833, 0.4551467807620575, 0.7412466905234424, -0.0, 0.03018616163111319, 0.9900546117692857, 1.3173457013886083, -0.0, -0.0, -0.0, 0.7805849322915901, 0.03018616163111319, -0.0, -0.0, 0.25682057528024166, -0.0, -0.0, 0.13303964861069895, -0.0, -0.0, -0.0, -0.0, -0.0, 0.9995601762933537, 0.635489638182683, -0.0, 0.16314244869166472, 0.7353022099725957, -0.0, -0.0, -0.0, -0.0, -0.0, -0.0, -0.0, -0.0, -0.0, 0.11496029836169212, 0.3788315952091619, -0.0, 0.054185698091702955, -0.0, 0.635489638182683, 0.8812908992306927, -0.0, 0.24285794780298395, 0.8805350266278684, -0.0, 0.21383257419660068, 1.155627655778567, -0.0, -0.0, 0.46506984488164627, -0.0, -0.0, -0.0, -0.0, -0.0, -0.0, -0.0, -0.0, -0.0, -0.0, -0.0, -0.0, -0.0, -0.0, 0.03018616163111319, -0.0, -0.0, -0.0, -0.0, -0.0, -0.0, -0.0, -0.0, -0.0, 0.03018616163111319, -0.0, -0.0, -0.0, -0.0, -0.0, -0.0, -0.0, 0.054185698091702955, 0.03018616163111319, -0.0, 1.0098100236755654, 0.07584150637714708, -0.0, 0.03018616163111319, -0.0, 0.03018616163111319, 0.25682057528024166, 0.03018616163111319, -0.0, -0.0, 1.0335144293573453, -0.0, -0.0, -0.0, -0.0, -0.0, -0.0, -0.0, -0.0, -0.0, -0.0, -0.0, -0.0, 0.03018616163111319, 0.6571396332192292, -0.0, 0.5392163432092414, -0.0, -0.0, -0.0, -0.0, -0.0, 0.7461668346413609, 0.07584150637714708, 0.03018616163111319, -0.0, -0.0, 0.7585863612719923, -0.0, -0.0, -0.0, 0.09597040299587187, -0.0, -0.0, -0.0, -0.0, -0.0, -0.0, -0.0, -0.0, -0.0, 0.4244051447248036, 1.2481956529118676, 0.03018616163111319, 0.6051865766334206, -0.0, -0.0, -0.0, -0.0, 0.915178444287789, -0.0, -0.0, -0.0, -0.0, 0.03018616163111319, -0.0, -0.0, -0.0, -0.0, -0.0, -0.0, -0.0, -0.0, -0.0, -0.0, -0.0, -0.0, -0.0, -0.0, -0.0, -0.0, -0.0, -0.0, -0.0, -0.0, -0.0, -0.0, -0.0, -0.0, 0.03018616163111319, 0.12610116402353413, -0.0, -0.0, -0.0, 0.41381685030363374, 0.07584150637714708, 0.6207082099241679, 0.6929536355031697, -0.0, -0.0, -0.0, -0.0, -0.0, -0.0, -0.0, -0.0, 0.6878300021321148, -0.0, -0.0, 0.5564215672884281, -0.0, -0.0, -0.0, 0.03018616163111319, -0.0, 0.2735086458447423, -0.0, 0.5648401867294691, 0.9900546117692857, -0.0, -0.0, 0.13336791643225604, -0.0, -0.0, -0.0, 0.5340265702650004, -0.0, -0.0, -0.0, -0.0, -0.0, -0.0, -0.0, -0.0, -0.0, -0.0, -0.0, -0.0, -0.0, -0.0, -0.0, -0.0, 0.5065216285230779, 0.9624127354629923, 0.34151002953083176, 0.9881662228454557, -0.0, -0.0, -0.0, -0.0, -0.0, -0.0, -0.0, -0.0, -0.0, -0.0, -0.0, -0.0, -0.0, -0.0, -0.0, -0.0, -0.0, -0.0, -0.0, -0.0, -0.0, -0.0, -0.0, -0.0, -0.0, -0.0, -0.0, -0.0, -0.0, -0.0, -0.0, 0.9790981671667149, -0.0, -0.0, 1.0848323126601636, 0.0974398258756419, -0.0, -0.0, -0.0, 1.7003114491648257, -0.0, -0.0, -0.0, -0.0, -0.0, 1.0019632956320796, -0.0, -0.0, -0.0, -0.0, -0.0, -0.0, 0.9976875760352552, -0.0, 0.0974398258756419, -0.0, -0.0, -0.0, -0.0, -0.0, -0.0, -0.0, -0.0, -0.0, 0.4976304984379156, -0.0, -0.0, -0.0, -0.0, -0.0, 0.9815320741782805, -0.0, -0.0, 0.9728829270100618, -0.0, -0.0, -0.0, -0.0, -0.0, -0.0, -0.0, -0.0, -0.0, -0.0, -0.0, -0.0, 0.3865917675037975, -0.0, -0.0, -0.0, 0.12311463565031058, -0.0, -0.0, -0.0, -0.0, -0.0, -0.0, -0.0, -0.0, -0.0, -0.0, -0.0, -0.0, -0.0, -0.0, -0.0, -0.0, 0.24988229283318544, -0.0, -0.0, -0.0, -0.0, 0.9264046681474138, -0.0, -0.0, 0.1222915970693747, -0.0, -0.0, -0.0, -0.0, -0.0, 0.49486822993554413, -0.0, -0.0, -0.0, -0.0, -0.0, -0.0, -0.0, -0.0, -0.0, -0.0, -0.0, 0.06952964699480783, -0.0, -0.0, -0.0, -0.0, -0.0, 0.12148047831884834, -0.0, -0.0, -0.0, -0.0, -0.0, -0.0, -0.0, -0.0, 0.5635262178122566, -0.0, -0.0, -0.0, -0.0, -0.0, -0.0, -0.0, -0.0, -0.0, -0.0, -0.0, 0.3512580905562787, -0.0, -0.0, 0.9987679240688596, -0.0, -0.0, 0.20950231007411246, -0.0, -0.0, 0.9155163444717094, 0.9857140400759956, -0.0, -0.0, -0.0, -0.0, 0.4114298313759549, -0.0, 0.24832244463628722, -0.0, -0.0, -0.0, -0.0, -0.0, -0.0, 0.9237072060321943, 0.31885541852100957, -0.0, 0.28463901526690777, -0.0, 0.9857140400759956, 0.9857140400759956, -0.0, -0.0, -0.0, -0.0, -0.0, -0.0, 