{"taxa": 50, "sites": 1000, "patterns": 956, "gaps": 0.3718, "invariant": 0.114, "entropy": 2.327601976498364, "column_entropies": [3.3703252223924745, 3.6103898895526756, 3.6381299740771227, 3.6887868113994795, 3.500824150794528, 3.534475839925245, 3.6789347039237965, 3.65853233900046, 3.4384861376470464, 3.6818808028034025, 3.7351921593550577, 3.544531304148833, 3.674916000001024, 3.8101442437149684, 3.674916000001024, 3.523564686198047, 3.352769291575072, 3.2978572587856916, 3.586890264002433, 1.634081789642123, 2.799015670655122, 0.35010382786665806, 2.2778647999650588, 1.3523104867905098, 2.7235051243399675, 2.321928094887362, 1.0, 3.627170565963348, 3.0568737731380615, 1.7777916421577673, 2.0658627700497014, 3.461761645524448, 3.016506789246974, 2.5497873815230374, 3.2732395865119255, 3.3062567228827193, 1.8121215309846177, 0.6689955935892812, 2.472573883611435, 1.9854794242066724, 0.5131637559924215, 1.141780590470267, 2.775823151216584, 1.2435465241225192, 2.70644381075908, 2.3518087299080785, 3.3408949732009874, 3.0469445212296717, 3.4292922478873127, 3.7787945423448996, 3.343230506472944, 3.4450956495457583, 3.7020784069005805, 3.3818424507205176, 3.4042104596972957, 3.30827083453526, 3.2464393446710154, 3.0056785904566774, 2.8795064608120065, 3.366091329119192, 3.0385623360756298, 2.582059910580257, 2.3908636968570445, 2.8581184630979695, 2.502598068247261, 3.0708470936225174, 2.8140154482997177, 2.94770277922009, 1.949137865273585, 2.752715278979705, 3.1018812234760182, 2.5341468438052397, 2.6986604604011157, 3.1084585933443494, 3.1556390622295662, 2.9139770731827523, 2.8453509366224368, 2.2810361125534233, 2.807354922057604, 2.521640636343318, 3.2776134368191165, 3.459431618637298, 3.095795255000934, 2.8073549220576037, 3.373557262275186, 2.955913095175825, 3.1751231351134614, 3.127986806877675, 3.015139004509236, 3.4472624994412104, 3.5599000019230838, 3.4541684103574037, 3.480772977641638, 3.1610189214236954, 3.5796531512136673, 3.229298810320977, 3.6324530789302654, 1.9639702958235201, 3.5359167145190447, 3.507589286765296, 3.038124961308509, 3.6100635408770723, 3.733368244170433, 1.8423709931771084, 1.5, 2.0, 1.584962500721156, 1.0, 1.0, -0.0, -0.0, -0.0, -0.0, -0.0, -0.0, -0.0, -0.0, -0.0, -0.0, -0.0, -0.0, -0.0, -0.0, -0.0, -0.0, -0.0, -0.0, -0.0, -0.0, -0.0, -0.0, -0.0, -0.0, -0.0, -0.0, -0.0, -0.0, -0.0, -0.0, -0.0, -0.0, -0.0, -0.0, -0.0, -0.0, -0.0, -0.0, -0.0, -0.0, -0.0, 1.0, 1.0, 2.321928094887362, 1.9219280948873623, 2.251629167387823, 1.792481250360578, 2.6416041678685933, 2.94770277922009, 2.725480556997868, 2.725480556997868, 2.6416041678685933, 2.725480556997868, 2.3709505944546683, 2.8453509366224368, 2.931208948910323, 3.4454576028653596, 3.8514097655573916, 3.627986806877675, 3.323732369265592, 3.666955668124716, 3.6704816846131134, 3.4547893590486978, 3.6689712225977176, 3.335531869678925, 2.4996981431844145, 2.2516291673878226, 2.4056390622295662, 3.7539564625707693, 3.567024803419185, 3.186973505601231, 3.880794959555808, 3.71067003032422, 3.767583352361439, 3.826259386806919, 3.7738848406112098, 3.7942361018558137, 2.776496378422384, 3.681024494661446, 3.403608198128036, 3.585405151066124, 3.6004512092982512, 3.3673124593381467, 3.4367010899311703, 3.7002754948113963, 3.1948750712897667, 1.6045211936752002, 2.902326963702544, 2.8709123396636897, 3.2181810152929966, 3.3159143271624685, 2.778629723241847, 3.489959523798841, 3.294385662339363, 1.7351835251071561, 1.3934560600118557, 1.5, 2.0, 1.5, 2.0, 2.0, 2.0, 1.0, 1.0, -0.0, 0.9182958340544896, 0.7219280948873623, 1.3709505944546687, 2.8384811149492357, 3.36229063875876, 0.6837341973730318, 3.0135212205512794, 3.005109325863647, 2.498730350011513, 3.0226335306895677, 2.7411901907590033, 1.5240894647661667, 2.7337007233669075, 1.6138243943587618, 2.5376096614800265, 2.374654964908161, 1.738932010580795, 0.3067556640587811, 0.15374218032876188, 0.761062562156538, 2.4125209918103234, 3.1882222456752953, 2.5514439782963265, 1.015825418310647, 1.8183734665882207, 2.0382872181335197, 2.25743365140446, 2.454233146112232, 3.0041122762835824, 3.18353525230907, 0.6105279365665319, 3.433070809349804, 3.338656363227873, 2.1458880956565958, 2.6054016427312146, 3.5735748981638897, 2.8593146881621943, 2.5628469049350873, 0.8824920849773137, 3.1219830885354454, -0.0, 1.9337261447310115, 3.4484124062756667, 3.269010512861956, 3.0768231575228713, 0.6555861786039423, 3.3967879635555582, 3.2964311514525364, 1.8119068610660158, 2.584962500721156, 3.167437633989991, 3.202648677023932, 2.039520364588234, 2.052801219484102, 2.477001821164927, 3.431720687981079, 3.3727603111799094, 3.1618501656872784, 3.2020836065361147, 3.105715191152361, 3.2397157803325984, 2.777566057112651, 3.5694029945752486, 3.461399732313776, 3.3849512240953983, 2.3334853734745606, 3.3472566875112175, 3.268440073321206, 2.9089680331883185, 3.525854200009484, 3.232717803133253, 3.5382492576464117, 2.8473185598427593, 1.0, 1.8423709931771084, 3.3474573388835154, 2.1060480954183274, 2.916567033937353, 3.3361152103368297, 3.379029544537882, 2.9034264284660107, 3.2429988124402116, 3.524161267683008, 3.1719462205265745, 1.3773943351273699, 3.3987886527191518, 3.491533373308825, 3.30827083453526, 2.5032583347756456, 2.0, 1.0, 2.1280852788913944, 3.5225631916634224, 3.467699725218961, 2.533474304803577, 2.8975792202953325, 2.925963718940156, 1.7680476331106563, 2.883017999915093, 1.8673898610472368, 0.6015071801547325, 2.4384879778345137, 1.1448392275601378, 1.0414721079478886, -0.0, 1.3565122411069566, -0.0, 0.3014969295343807, 3.0994364124846885, 3.243635515426552, 3.757015761951795, 2.610063540877072, 2.321928094887362, 2.6416041678685933, 1.9219280948873623, -0.0, -0.0, -0.0, -0.0, -0.0, -0.0, -0.0, -0.0, -0.0, -0.0, -0.0, -0.0, -0.0, -0.0, -0.0, -0.0, -0.0, -0.0, -0.0, -0.0, -0.0, -0.0, -0.0, -0.0, -0.0, -0.0, -0.0, -0.0, -0.0, -0.0, -0.0, -0.0, -0.0, -0.0, 2.4193819456463714, 2.0588138903312014, 2.725480556997868, 2.197159723424149, 2.4193819456463714, 1.9447167900528528, 1.5147277830881716, 2.0600116836124034, 0.15109697051711368, 0.9390929552354661, 0.790076586273002, 1.698660100236342, 1.2002535309681712, 3.197611554759383, 2.9905292192087214, 1.927242094740882, 1.3936754138144933, 2.3264369042996664, 2.601465181646259, 2.123797421785701, 3.1779997702608864, 1.971161988364416, 1.6678393245265475, 2.71366615660186, 1.9759292180261347, 1.6405454764963006, 2.81909044677788, 3.551291449158039, 2.6476466933529883, 1.4694824686989139, 2.996033544744183, 1.8042768834544372, 2.321169538373481, 2.8548701743525227, 3.571602479847043, 2.5, 3.2705028713946964, 3.244223289465919, 3.3146497589150083, 2.984104938632246, 2.6684136049813825, 2.274006712146404, 1.9450355658756875, 1.4527508030466874, 1.4527508030466874, 3.239786979256811, 2.6026408269550982, 1.6598297516260168, 2.6630522721675396, 2.8393852928219436, 3.468970179569138, 1.8734576266427714, 3.196520773344194, 3.276420835086266, 2.663370621747019, 3.5787815138774604, 2.9334126382798047, 3.297412205092705, 3.485261597078033, 3.2707031784229987, 2.1556390622295662, 1.0, -0.0, -0.0, 2.2516291673878226, 3.1492333501939678, 3.1864989592064075, 2.11851129451141, 2.4675428269322772, 1.016227811064734, 2.387422092542365, 0.1485494904303482, 0.49677458086415643, 2.996630848284676, 0.8626650216510483, 0.49677458086415643, 0.9876925088958034, 1.1811876418402032, 1.5932578795467691, 0.9360079471978432, 1.4192279001686048, 3.0796567294285007, 3.288154209445341, 2.987669482582697, 1.9463511770091442, 2.4889405509028832, 3.529130453719446, 2.8707515017233534, 2.0871695707264366, 3.3073250402452716, 3.6239080868123574, 3.814793283575974, 1.7751706774237697, 3.59108689106612, 3.457605543670016, 3.720175521464345, 3.561848239589024, 3.4460644027387914, 3.5332094188315057, 3.645329009000767, 3.4185147641930573, 3.432232245482987, 3.6859484493166956, 3.2564580163268326, 3.0430107341495622, 2.2783518117113117, 2.66122625626979, 1.584962500721156, -0.0, -0.0, -0.0, -0.0, -0.0, -0.0, 