{"taxa": 97, "sites": 199, "patterns": 191, "gaps": 0.0, "invariant": 0.08542713567839195, "entropy": 1.2448661005619956, "column_entropies": [0.5267668333399849, -0.0, -0.0, -0.0, 0.08283655281361223, 0.14489961753310665, 1.6237240885846533, -0.0, 1.181772662923681, 1.0242170584581327, 1.9368364472232031, 0.8725611197761161, 1.7553460148384863, 1.0482722742164838, 1.3411126777484417, 2.132670923301852, 0.5592967860591989, 0.9798487604292332, 2.1702109738330595, 1.0028457592003324, 1.8686169971402464, 2.482875633570015, 0.5345491787231134, -0.0, 0.19902377455969078, 0.34297895085301794, 0.24793583772272643, -0.0, 0.28139060574165975, 1.7631206480099582, 1.0093605473008411, 1.0505976607029028, 1.21596170212467, 0.9310142823525069, 0.9990785836313621, 2.00825730430165, 1.5252010886325826, -0.0, -0.0, 0.08283655281361223, 0.4328065302481446, 0.22742467664385024, 2.3498469056544145, 2.8893077368388296, 2.718854592132653, 0.08283655281361223, 2.7652429405642924, 2.2933388741015843, 2.8080860353349997, 0.8411289448663142, 2.544511771355398, 2.644685012071478, 2.0511091288606123, 1.0744195684033315, 1.2850577303193176, 2.67311733228642, 1.3482539449035684, 2.483934195474721, 0.16551817423413756, 1.7084793682950805, 1.5043076862989397, 0.8086938589653632, 0.36359750755404885, 1.7909038624864453, -0.0, 0.9916654195067154, 1.0065293464912113, 1.3220016177433316, 0.6343585235852677, 1.2536628550588613, 0.8485400555483831, 1.0880753287946638, 1.4906519929288147, 0.6403000371680666, 1.673594824706313, 1.972653873493714, 1.0197629893454185, 0.16551817423413756, 1.5964858845858045, 2.0478627015038455, 1.475391363726912, 0.28917295112478825, 2.218473856471787, 1.050606267591065, 2.4788853474920973, 1.2457369327713628, 2.25354487119086, 1.41789196038979, 2.4690383325264254, 2.62258101760159, -0.0, 1.944884972219561, 1.123569299896911, 1.1940686245351502, 1.5304767643786066, 2.100075390654913, 2.7111306119200127, 1.1583059307926618, -0.0, 1.7991095921311302, 2.6394900621110606, 1.9208630956546116, 1.5830885430153947, 2.4455622868079194, 0.5069059744362597, 1.0664209432814822, 0.6611566102227493, 0.9659212398860464, 0.489554044943729, 2.707868464853635, 0.8937064639944297, 0.14489961753310665, -0.0, -0.0, 0.8720781650228151, 0.5372173071924329, 0.37395136668121054, 0.08283655281361223, 0.9272562619751844, 1.0994428876881623, 1.4089972481769135, 1.0657897667326495, 2.2450999833228034, 0.6741319489363053, 2.0016557633493637, 2.1695094998719204, 0.7320569596427461, 0.3713798529371774, 0.5376486884292001, 0.22742467664385024, 1.168143862403414, 1.7582434298762115, 1.2647165581285267, 0.8943046236866303, 1.6389994593637964, 0.6356233149825982, 0.7261577123831175, 2.292489207056866, 2.627493455831938, 1.3056999651371275, 2.636177955699567, 2.220593414774886, 1.0343747721021663, 1.397366042751643, 0.41664940224900743, 0.7537153483720095, 0.794466730828419, 0.19902377455969078, 1.6684776063846558, 0.87395783321356, 0.19902377455969078, 0.8937064639944297, 2.38837138137186, 1.3453692669276238, 0.8029231042898949, 2.7268488756374976, 2.2843660069522356, 1.756141991255805, 1.0209293186078383, 1.104496753622936, 1.7360715610068502, 1.4576544397054456, 2.3204093172933073, 0.8071675554288904, 0.7931789618888232, 2.630976790556123, -0.0, 1.2940711758054295, 3.7136803968849508, 1.8866119500695773, 0.9504419235686625, 1.4824734029542372, 3.440685777696505, 2.474659068800076, 1.5326212181149483, 2.1933441586579683, -0.0, -0.0, 0.16551817423413756, 1.140163531592136, -0.0, 0.24804323334488115, 1.1335212594019213, 0.489554044943729, 0.6211524561622916, 0.08283655281361223, 0.7502875184083249, 1.7325220303080102, 1.3874819271345948, 1.939698113401206, 1.1362618555858446, 2.850470023114887, 2.2402604769756027, 0.22742467664385024, 1.4534392045325588, 2.613577330623707, 0.8329018353258386, 0.5551677354241442, 1.6171701089937836], "bollback": -1038.9814683652105, "treelikeness": 0.3829509842414326}