{"taxa": 55, "sites": 271, "patterns": 266, "gaps": 0.21309999999999998, "invariant": 0.12915129151291513, "entropy": 1.353560329100713, "column_entropies": [1.5437196962030681, 1.0252230332457228, 1.2970539148187372, 2.79527210476934, 2.3540258716290796, 2.0195270907601817, 0.7539077602381062, 1.8355077348377487, 2.109776877980601, 1.701251566610708, 2.191390996079236, 2.7045313704241702, 2.476428277509754, 1.7128148954723552, 2.333206219346495, 2.0004542993935, 2.307899728450024, 1.854285871987246, 0.37764632137370024, 2.628334032552765, 1.5671851047171583, 1.743069634278269, 1.9552060544572136, -0.0, 0.46025742959870297, 1.3509479097731016, 1.2201044621095987, 2.901201520651332, 1.6640724239885705, 0.6267511370265895, 1.9024849546996325, 2.599502366362326, 0.13923299905509887, 1.4054549235369636, 2.8187183634680584, 1.9941026118897678, 1.1014427000684845, 1.0, -0.0, 2.2488407590343966, 2.4781964879257323, -0.0, 1.2186950872288573, 2.462408345722408, 2.277814467587035, 0.5221791902022728, 2.1848086185977778, 3.1709196306443963, 2.4860855697196453, 2.581819648381188, 2.427284086020673, 0.9820031242235256, 1.0276787491305381, -0.0, 1.8159488257859198, -0.0, 0.228538143953528, 0.45502065977946415, 0.9751190649408661, 0.6500224216483541, 1.4523861943352818, 1.8364292200251042, 1.7454488581438015, 0.7952474367743495, 0.3760198509692728, 0.13110652958234503, 1.4565779292443595, 0.8346464646189742, -0.0, 0.8519325792170331, 1.8867786311375927, 1.6648530979805172, -0.0, 0.6631968402398287, 0.8699959791362579, 0.420026001688088, -0.0, 0.8519325792170331, 1.0322683996633863, 0.21084230031853213, 1.390905289599814, 1.8007984116973004, 0.8236266861921911, 1.4350761520776645, 2.1789602345889914, 2.8445712286417226, 0.225363639127395, 2.844470725553821, 1.653234100759607, 2.1832350842552666, -0.0, 0.7642045065086203, 0.9864267287308424, 2.2606218810867014, 2.2324009258125104, 2.969987686210474, 3.2385177537461716, 2.7771029522756434, 0.269548899081194, 0.13503620280212764, 2.0277428954127474, 3.296399693731061, 2.334476906054128, 3.455041244881373, 3.0144650636804835, 1.7924812503605778, 1.3709505944546687, -0.0, 2.7786885704510973, 2.319515776501326, 1.716257934045578, 0.2736549202807799, 0.6412482850735853, 2.461796792647047, 1.7541170892244708, 1.676163831934541, 1.9343702332047923, 2.6487822338483067, -0.0, 1.4717072410647858, -0.0, 0.39185307091853616, 0.13110652958234503, 0.4971677614160753, 1.2175092790823032, 0.5680792983231685, 1.1688582365789564, 1.2525481900645992, -0.0, -0.0, -0.0, -0.0, -0.0, -0.0, -0.0, -0.0, -0.0, -0.0, -0.0, 1.3942334227181532, 0.3554894345548998, 0.9918825224181824, -0.0, -0.0, 1.1026436325757467, 2.2775259945401447, 1.108511408621228, -0.0, 2.6078303834445156, 1.1842840870425295, 1.1688582365789564, 1.2951416360119627, 2.8550060096527394, 0.8986567062325899, 1.1525677931785607, 0.5680792983231685, 2.1817666625897045, 1.9459432580055938, -0.0, 1.773176103524253, 2.273275454520109, 0.6143694458867568, 1.5010779640068412, 2.2836739915273014, 1.019966037299242, 1.8739675186827343, 2.025901622130814, 1.7928463204458613, 1.1873947412250063, 0.7427319409775184, 1.4535683604194256, 0.9553950827804498, 0.5095157180881823, 1.544611835501482, -0.0, 1.0813232465812124, -0.0, 0.9431271157201686, 1.1830690621953783, 2.358402766614292, 2.2476580243335094, 2.316613596312573, 2.0204265177877785, 1.3212664162756627, 0.7219280948873623, 0.6997722217733069, -0.0, 1.4823937016443556, -0.0, 1.6350323655554482, 0.574828144380386, 1.334599425999111, 1.7778086749652333, 0.574828144380386, 2.3747648410467153, 0.8699959791362579, 2.209407363845719, -0.0, 2.123485542186138, 2.8963947124885525, 2.495025122588337, 1.4316328405566272, 3.301548863880604, 1.8402196009644936, 2.2838098542420906, 2.7508222232753403, 1.224088786476953, 2.8628277091772825, 2.3015447766250237, 0.1370994788998177, 1.0713892805367051, 0.23519338181924143, 2.634470499431348, 1.7870476722589848, 1.4243862327672674, 1.3818268232232427, 1.7524101745785239, 0.9808709760150593, 0.734687465609184, 0.5411884030780174, 1.894185109259531, 1.8321886482357574, 0.7595563653739031, -0.0, 1.5619280948873624, -0.0, -0.0, 2.448438511985372, 2.0871380227477996, 2.357969116614677, 2.287730243901708, 2.6141773206674435, 2.543285293937414, 1.3754312795575996, 2.332461867327098, 2.067529407949478, 1.6644977792004614, 0.4689955935892812, 1.0855093773010511, 2.1383398788148296, 2.0466213917685416, 0.7219280948873623, 2.3065441762977397, 2.1056304383468354, 0.9063137138648347, 1.3562169386064515, 2.65606213439169, 2.3826187512701256, 1.3549331920090744, 0.6153245640702174, 1.3709505944546687, 0.7219280948873623, 0.7219280948873623, 0.7219280948873623, 1.5219280948873621, 0.992530981463549, 2.3653401324886754, 1.7209444259588922, 0.7259579328280019, 2.7074923085260396, 0.7048742997669819, 0.45118403318331257, 2.0230916361496583, 0.3014969295343807, 0.5916727785823275, 0.30540057087920036, 0.9940302114769565, 0.225363639127395, 0.9440870182837794, 0.7424875695421236, 0.47543164626872064], "bollback": -1510.7194805090348, "treelikeness": 0.21290434866899513}