{"taxa": 82, "sites": 591, "patterns": 570, "gaps": 0.4138, "invariant": 0.12690355329949238, "entropy": 1.850374193606174, "column_entropies": [2.182915527367671, 3.6442064692680836, 1.9583936302005256, 3.314435260234784, 1.9618674185378073, 1.6884956209923396, 2.202259367987696, 0.5032583347756457, -0.0, 1.3346791410515946, 2.1179631753145163, 2.567158256339113, 3.3724464195907182, 2.687985801350957, 2.2554350289289156, 0.9796322013694765, 0.8165885011176894, 1.5466948654084978, 2.489320221852191, 0.9804940095429923, 1.4297796476031337, 0.27328590359694965, 2.2869429734197575, 3.2111387767290163, 2.186984591053969, 2.922201100211251, 3.1251448780777435, 3.4420891267406732, 2.6829805868893177, 1.3229959670593578, 1.5219280948873621, 1.3520301017579528, 3.2723819399338017, 3.2175390050919903, 3.2227489019710505, 3.489000587432775, 3.2654644157173713, 2.93887220767721, 2.3444984515601637, 2.823934896284056, 1.9219280948873623, 0.9182958340544896, -0.0, -0.0, -0.0, -0.0, -0.0, -0.0, -0.0, -0.0, -0.0, -0.0, -0.0, 1.584962500721156, -0.0, 0.8314743880097293, 1.687470429806556, 2.5055282621766573, 2.2992033686964666, 2.324265915819017, 1.7430386483322555, 2.6898556824981577, 2.218012206882934, 2.577389783191774, 2.5848877354157445, 2.0267952922382575, 3.3766951986899456, 2.478299021072869, 3.230882507059286, 3.020950594454668, 2.437087760624494, 2.2359263506290326, 2.2359263506290326, 2.613593994329886, 2.5359070087151663, 0.9182958340544896, -0.0, -0.0, -0.0, -0.0, -0.0, 1.2516291673878228, 1.7254927824010493, 1.540709585192697, 2.4138338639736006, 2.2184015739831175, 2.1299754112124667, 2.7096461528053286, 1.4627192743242243, 2.9254646001326243, 1.0, 1.0, 2.410351679827632, 3.3823675893627523, 2.766324576196921, 2.3828657911304734, 2.6038099735887243, 3.130359986719296, 2.389514803122764, 1.8675769461761949, 2.1633347891038204, 1.0, 0.6685644431995964, 2.717126390731844, 2.541487035565223, 2.0303947882310203, 2.205822050877804, 1.6577427265048887, 2.725480556997868, 1.584962500721156, 2.4002119464072544, 1.2719280948873624, 2.1322287189138014, 2.0028188308764023, 1.3370328706441053, 2.863826390090816, 1.9913900139785103, 2.5019779575690455, 2.2848934196984123, 3.0313639374703776, 2.6017958374111076, 1.9442584660236437, 3.309712270707922, 2.725629708562761, 1.8972417108341686, 0.5492718819681844, 1.483831706844689, -0.0, -0.0, 1.0, 2.8912374627255932, 2.973900200484477, 2.037101357543366, 1.3934797433364696, 2.857189807902949, 1.3928789201240575, 0.8221375686056138, 2.121893794766362, 1.702837686051403, 2.489256334223017, 0.6380847390552712, 1.5211557836061567, 0.18981727789870584, -0.0, 0.5281837316805837, -0.0, -0.0, -0.0, -0.0, -0.0, -0.0, -0.0, -0.0, -0.0, -0.0, -0.0, -0.0, 1.9466590353354825, 2.7864734472874764, 1.4355205042826666, 1.5566567074628228, 1.8423709931771086, 1.7218434972674705, 3.1432385860327234, 3.3010870719389893, 2.1220370659900354, 3.098877519002273, 3.5756726748145513, 1.3709505944546687, 1.3709505944546687, -0.0, 1.9219280948873623, -0.0, 0.7219280948873623, 1.5219280948873621, 0.9709505944546686, -0.0, -0.0, -0.0, -0.0, 0.9709505944546686, 0.7219280948873623, 0.9709505944546686, 0.8112781244591328, 1.890920993589198, 1.8190269457641053, 2.722067094075591, 2.6096873145297406, 2.148685035346213, 3.044151625293607, 2.7252685920141797, 3.0690469281353505, 2.8136207645609255, 2.6834936158427745, 1.1690897138028453, 2.8419292626311283, 2.962860226107916, 0.18981727789870584, 1.7130154481027375, 3.065035010556637, 0.9965891063323971, 2.36085463653051, 2.577888330417168, 2.999310101595085, 1.6716860063141779, -0.0, -0.0, -0.0, 0.9182958340544896, 0.9182958340544896, 0.9182958340544896, 0.9182958340544896, 2.172931422863844, 2.702320690887161, 2.999366824785291, 2.6915836185072846, 2.3712217075864497, -0.0, -0.0, -0.0, 0.9182958340544896, 0.9182958340544896, 0.9544340029249649, 0.5435644431995964, 1.4056390622295665, 1.9614557175837197, 1.012219795565045, 0.6671607814424163, 0.1654270339962668, 1.7195949466323008, 0.18981727789870584, 1.5177257115117513, 0.6872920671038685, 0.6533523081769443, 0.4252089375918725, 0.7363230272021651, 0.09501724567107636, 2.683240888065484, 2.545224788984358, 2.9277409762329367, 3.018688570451097, 2.8115953049739426, 1.3231033043030673, 2.379228322602568, 2.608430193453231, 2.03241830160814, 2.7993994980604406, 2.1993161966532395, 1.9056390622295665, 1.584962500721156, 1.4591479170272448, 1.9508257945180887, 1.384431504340598, 2.312363104752148, 2.6294817080809563, 2.825978600119088, 3.068273156372152, 3.5570644355532846, 1.8440292260618123, 3.0762338170475076, 3.39733388684688, 2.6417595498262725, 1.5907578119901022, 2.872294012794332, 3.162899592438152, 0.4692289433776873, 1.7213579042715117, 2.796177245474988, 2.214877110486575, 2.145551090901372, 0.8008444268280266, 2.958805992115332, 2.1599894156993225, 3.1588261438079632, 2.4337550916421162, 2.510253037348198, 2.9233273531984967, 2.225088424552156, 2.930189956295381, 2.6399605570705473, 2.8471249548089306, 3.2098683589017414, 2.406666316740689, 2.788450457308289, 2.0477026102158327, 2.908905652590752, 3.2091852220908983, 1.7924812503605778, 1.584962500721156, 1.9987544188976456, 2.0552654636596523, 1.0214114825529959, 0.8941373704717424, 2.1623960278520933, 0.26000713747185045, 2.3534651558872843, 2.2889004747191137, 1.6372587863906074, 2.5838257994256075, 2.5023433729775184, 3.4401659662625863, 3.114661622930804, 1.360964047443681, 2.321928094887362, -0.0, -0.0, 2.687002190893227, 2.9243592712021957, 3.3891298714236466, 3.418068603756787, 2.0, -0.0, -0.0, -0.0, -0.0, -0.0, 3.0358089491597138, 2.787838098146143, 2.917905136956533, 3.5011547719929452, 3.3961836424897625, 2.7530457359743505, 3.2762862213426835, 2.6282210221671622, 2.328334923064119, 1.9086141274007282, 0.6360714950181926, 2.3711603597282473, -0.0, 1.9234922496791338, 1.8997018791033635, 2.1317547925489135, 0.4448386994752483, 1.8103587388051243, 0.1654270339962668, -0.0, 1.6670610578364844, 2.517733707447211, 0.3753256188436032, 2.296165628831961, 2.4193819456463714, 0.9083997164028584, 2.4583912884074612, 3.49651118668826, 2.423935762550598, 1.5709505944546687, 1.584962500721156, 3.3948596610369868, 2.237268813554605, 1.5320022799782387, 2.26090315367874, 2.4058145446831176, 1.8493207650648078, 2.5751018308216516, 1.0319946650855083, 2.3564926599559044, 3.521062420749537, 3.1109641872351625, 3.174212438449333, 3.545421465167697, 2.711320795448289, 2.524611678724209, 2.084962500721156, 1.3485878960124222, 1.7219280948873623, 0.9219280948873623, 1.2987949406953985, -0.0, 1.4056390622295665, -0.0, 0.9544340029249649, -0.0, 1.0, 1.061278124459133, -0.0, 2.2390183299752544, 2.2946292138445554, 3.123612843216017, 3.6355059419845617, 3.4792339518136646, 3.353591646804537, 3.3400141969235086, 2.850866451547111, 3.064573863370489, 1.8423709931771086, 1.5, 1.5219280948873621, 0.7219280948873623, 1.3709505944546687, -0.0, -0.0, -0.0, 0.6500224216483541, 2.637129001531251, 2.75668970540757, 3.559808483986055, 2.444267982360938, 2.759079570624175, 2.0860780054608785, 2.3110425147295905, 3.0754861347589744, 3.3789657874675068, 2.4593603424981167, 2.7602374667465686, 3.132080639944614, 3.0532239688692093, 1.1258668526395952, 1.0, 1.911305388659766, 1.8550003248540259, 2.2941181491130647, 3.1552531940383686, 0.5751234060351945, 1.455151473208319, 2.276362097812327, 1.9518284812446671, 0.09694460606247315, 2.769751893905494, 1.3045429498017187, 2.918780979043296, 0.09694460606247315, 0.8770626546448509, 0.9524641738941138, 1.8291041085781525, 1.334861859420835, 2.933625301241497, 2.2428667463435863, 2.397496467198384, 3.3187768520639573, 2.8214656273803427, 3.20244456033439, 3.411293285886883, 2.968098984800681, 2.8580440080969565, 1.9301249653149701, 2.2709505944546686, 1.562806631693174, 1.3709505944546687, 0.7219280948873623, 1.9219280948873623, 2.3745560483818835, 0.9182958340544896, 1.9056390622295665, 1.8910611120726526, 3.0186425267107606, 3.2320324515507575, 2.0117358498495417, -0.0, -0.0, 