{"taxa": 93, "sites": 349, "patterns": 335, "gaps": 0.0, "invariant": 0.0830945558739255, "entropy": 1.0579696411784874, "column_entropies": [0.6081738859610972, 0.6419687051139819, 0.6243829844322644, 0.205592508185083, 2.0697522027229454, 1.2107393725536564, 1.082723677668227, -0.0, 1.7898679549256282, -0.0, 0.25593004383911305, 1.4007657262702213, -0.0, 0.8062405123210308, 0.4928361812582295, 1.9505249859527245, 1.8192036889402232, -0.0, 1.9913755347157118, 1.7680146751368748, 1.1943208188044752, 2.1235666431016447, 1.1540740128113187, 0.0857426825355025, 1.6542406094282012, 1.8139814416031368, 0.25593004383911305, -0.0, 1.3432208335359503, 1.3763802520315966, 0.0857426825355025, 1.2970210410113565, 0.6775644799059373, 1.0751566163989537, 1.8113303093955744, 1.312181358583583, 1.9068378422248207, 1.1026278592383973, 2.0786303568115443, 1.1668854222845746, 0.8397622740178035, 0.8532373263312982, 1.6945344902181048, 1.476727492006627, 2.3620610528044432, 0.3021736184787951, -0.0, -0.0, -0.0, -0.0, 0.0857426825355025, 0.962750877585312, -0.0, 0.8590035792939912, 0.14981136747274792, 1.3023778114638775, 1.5861420652373632, 1.5926630170152993, 0.17131674381683393, 0.5894900854089331, 1.1986745108406887, 0.5347731116871555, 1.9157058577820438, 0.14981136747274792, 1.5916038484982384, 2.0268381721925692, 1.5237392275653825, 1.3609492892178854, 0.3758806396860353, 2.388679981221552, 1.2453577785879892, 2.3791819832878076, 1.5790782005020507, 1.496232186811225, 1.0715632919539244, 1.3075441294385688, 0.205592508185083, 1.5619495523564313, 1.4970170878089664, 1.1271106235867312, 0.0857426825355025, 0.9478749595560488, 1.493547961195465, 2.35279177454967, 2.599171939325858, 1.388440588843097, 1.206647356719049, 2.2971791771710772, 0.9519725790604191, 0.23521495444490526, 1.028226208048413, 1.1093530383449215, 1.5093427346485757, 2.2248168446554613, 1.255256172204812, 2.3155246478993226, 1.9870256868620482, 0.3409869569135995, 0.5051506654273332, 0.9554189905653108, 1.2791426593648934, 2.1094593683079585, 2.3685792635923106, 0.5073882356949576, 0.0857426825355025, 1.0172131567942937, 1.695682013498221, 1.906934333922956, -0.0, 1.4364259281638152, 0.7162787010687346, 0.6067980474996515, 1.1560511333815708, 1.7490441064773667, 0.0857426825355025, 0.9286751810936651, 0.5428405550351758, 0.0857426825355025, -0.0, 0.29082372661154887, 2.6295086250945356, 0.9830423594368927, 0.14981136747274792, -0.0, 1.8324964294420054, 0.14981136747274792, 0.0857426825355025, 0.345117314944953, 2.0933419502979134, 0.7156757263212221, 1.3877537721295026, 0.9339063695542507, 1.4291406850847264, 1.4665624566607605, 0.17131674381683393, 0.17131674381683393, 1.31706595863341, 1.5573069297370639, -0.0, 1.0548403153802266, 0.5143415576023155, 0.8358786921557966, 0.5073882356949576, 0.5700375981855071, 0.345117314944953, -0.0, 0.0857426825355025, -0.0, -0.0, 2.2962941380251083, 1.6313319048656119, 0.3021736184787951, 1.0132141065310574, 2.5134414852470695, 1.9281145837030815, 0.9234239550598429, 2.010808041510641, 2.384886997057244, 1.6707241620123985, 0.5243952392403632, 1.5119407236833324, 1.4909546517155294, 1.9096897751804243, 0.14981136747274792, -0.0, 2.0835945214098572, 0.409633443977211, 1.5909946490940952, 0.38399770960177154, 2.317176864099025, 0.9449293314039288, 1.4072507963233578, 1.0935070444162533, 0.14981136747274792, 0.6601574005432118, 0.25593004383911305, 0.25593004383911305, 0.7304472862481346, 0.23521495444490528, 0.14981136747274792, 0.42304881571335784, -0.0, 0.3839977096017716, 1.5447134504953839, 0.5869747565503097, 0.9751794128371247, 0.42304881571335784, 1.1741209525449365, 0.9696787018231178, 1.4597559002074312, 0.0857426825355025, 0.6167958298585907, 0.42304881571335784, 0.5771756012398293, -0.0, -0.0, 1.5522738577154038, 0.14981136747274792, 0.6755108070361726, 1.9140674845901837, 0.0857426825355025, 1.5718973247628099, 0.5243952392403632, -0.0, 0.989884644089986, 0.5700375981855073, 1.9705753759056133, 0.0857426825355025, 0.25672033078899126, 0.14981136747274792, 0.8954315632950791, 1.5368305787332073, 1.909800091179458, 1.462218349182806, 1.860868331673517, 0.9494357941372432, 0.29082372661154887, 1.4075665270911666, 0.42304881571335784, -0.0, 1.8600045226868431, 1.1106502923281218, 1.3086605726369636, 2.219786964559114, 0.9206170852473983, 0.8126231599933069, 0.205592508185083, 1.3963679748677578, 0.34098695691359954, 0.25593004383911305, 0.891158568147645, 2.2586354855986412, 1.8971228978423131, 1.4486603521474406, 1.3188699046429158, 0.14981136747274792, 1.2169689610322567, 2.232323847619093, 1.24560040862602, -0.0, 1.5971439442959574, 1.4508134298960678, 1.1930120075135315, 0.205592508185083, -0.0, 0.9932338197397066, 2.39381602258199, 1.2575281365457895, 1.8133372651016455, 2.5830930172407554, 1.4752050800230885, 0.3021736184787951, 2.1326695177123747, 0.9979139338855982, 1.4003081684198306, 2.5596730703479547, 0.667068537540017, 1.0665424172382711, 1.5666036895323268, 2.7144827115208905, 1.4775939671591463, 1.3517583970429032, 1.4464353278378503, 0.7257473518347157, -0.0, 1.384251455535313, 1.689991646925925, 2.0590130786586944, 0.8826013308449941, 0.345117314944953, 0.989884644089986, 1.8212677374639574, 0.0857426825355025, 0.14981136747274792, 1.222975598534251, 1.3794472237322082, 2.2783428845038878, 2.241281388558325, 0.0857426825355025, 0.42304881571335784, 1.0541736933601547, 0.17131674381683393, 0.7558735149541188, 2.054580807295596, 1.1660277688902005, 1.0988366937519292, 0.5915429745295933, 0.8397622740178035, 1.2267414301469195, 1.2024244997205737, 2.2356237284137745, 1.5215527820379233, 1.5159344055828412, 0.4258675838086835, 1.8823959670521841, 1.42535267279078, 2.1776809958228283, 0.7510324165275098, 1.5591396784249392, 1.9063111667947579, 2.5621442692539675, 1.763108571459881, 1.6128221471264943, 1.82744959387876, -0.0, 1.5415102272027412, 1.2949629903308972, 1.965603946389332, 1.667930028157248, 0.8238116333123173, 0.42304881571335784, 1.1127456234732396, 1.8348699114131533, 1.140272738587944, 0.7452981725810441, 0.0857426825355025, 0.791545863592204, 0.14981136747274792, 0.205592508185083, 1.9260220531717558, 1.247725821247387, -0.0, -0.0, 2.014897074442388, 0.736107280406062, 2.0374422022923517, 0.5968142110422068, 0.5326410910239552, 0.7334144864819958, 2.187044658954068, 0.7941831365293426, 0.205592508185083, -0.0, 0.43925589023703326, 1.6130065746582254, 1.237261243934753, 1.7495975508690835, 1.694348471479418, 1.2905367110571533, 0.523958204586054, 0.7647999668087945, 0.205592508185083, 0.5243952392403632, 1.9786492428247695, 1.5628429817570186, 0.3021736184787951, 0.7687473047806461, 2.7205366647385594, 2.1382499261280543], "bollback": -2017.42030606096, "treelikeness": 0.1543703005319429}