{"taxa": 59, "sites": 164, "patterns": 145, "gaps": 0.6223, "invariant": 0.23170731707317074, "entropy": 1.386952297910992, "column_entropies": [-0.0, 0.9182958340544896, 1.224394445405986, 0.7642045065086203, 1.0, -0.0, 0.5032583347756457, 0.9864267287308424, 1.8799649487271108, 0.9864267287308424, 0.5032583347756457, -0.0, 0.9852281360342515, 0.9182958340544896, 0.9182958340544896, 0.9182958340544896, 1.0, -0.0, -0.0, -0.0, -0.0, -0.0, -0.0, -0.0, -0.0, -0.0, -0.0, 1.0, -0.0, -0.0, -0.0, -0.0, -0.0, 1.4591479170272448, 1.1488348542809166, 1.8423709931771084, 1.4355205042826666, 1.224394445405986, 0.5032583347756457, 0.4689955935892812, 1.3567796494470397, 1.7709505944546688, 1.7527152789797047, 2.049452072789394, 1.584962500721156, 2.688721875540867, 0.9219280948873623, 1.867633890971212, 1.2776134368191154, 1.207518749639422, 1.896240625180289, 1.1451104143815827, 1.8542858719872461, 2.5216406363433186, 2.4508257945180882, 3.0220552088742005, 1.6242835591593285, 2.7775847487062264, 3.6437797483622205, 3.2336062969232184, 3.253126927282211, 3.3950097169649482, 2.792405024379735, 2.9693205401682476, 3.394706871665422, 2.939353872167201, 2.765957320949175, 1.4466166676282084, 0.5435644431995964, 0.9182958340544896, 1.3567796494470397, 2.0588138903312014, 1.4466166676282082, 2.3685225277282065, 1.5709505944546687, 2.3709505944546687, 1.9508257945180887, 2.221251836004466, 0.8658566174572235, 1.0, 1.0, -0.0, -0.0, -0.0, -0.0, 1.0, -0.0, -0.0, -0.0, 1.0, 1.0, 1.0, 2.6689801450225326, 3.1590756493628565, 3.4362781244591325, 3.4031773634401805, 3.49998720177651, 3.0895111208221655, 3.1233180066740758, 3.2365603187788285, 2.5283065719452145, 3.3451168235156223, 2.3123369789984625, 3.1862069195114797, 2.152250641204633, 2.9889971066612886, 2.813227486474121, 2.1209043504552723, 2.0570812624395973, 2.263809173883546, -0.0, -0.0, -0.0, -0.0, -0.0, -0.0, -0.0, 1.75, 1.1567796494470395, -0.0, 0.6840384356390417, 1.871602261409798, 2.5521748481317883, 1.7705644329032337, 2.235465593800991, 2.7084219004513885, 2.946179264304392, 2.9418869430076153, 1.9267079404533236, 0.907762369211883, 0.998149972961626, 1.1905568199249097, 0.9528588097297788, 1.5992557726269265, 0.7607859931846075, 1.3668748480002435, 0.12394986771100759, -0.0, 1.907294993341201, 1.4699034775375168, 0.45934162149987057, -0.0, 1.7521157785584998, 2.3591276871567812, 0.6227333613277222, -0.0, 1.5523571459507264, 0.5009682592094553, 0.732739762189986, 2.0405046586532993, 1.8421606171655411, 2.551462154039801, 2.0999857329017306, -0.0, -0.0, 2.4591479170272446, 2.352217001462482, 1.9636598029028305, 2.5410194462072706, 2.058813890331201, 1.0, 1.5, 1.0, 1.0], "bollback": -802.9235794261175, "treelikeness": 0.3529644460341189}