{"taxa": 100, "sites": 699, "patterns": 671, "gaps": 0.2636, "invariant": 0.11015736766809728, "entropy": 1.691864257430392, "column_entropies": [-0.0, -0.0, -0.0, -0.0, -0.0, -0.0, 0.9182958340544896, 1.5, 1.9219280948873623, 1.9182958340544893, 1.9182958340544893, 1.584962500721156, 1.7924812503605778, 2.130926080730337, 2.6755957776053108, 2.433206219346495, 2.954986855772667, 3.128928031846024, 2.8584550949206022, 2.717363330118518, 3.2738592771116295, 3.5072067764310777, 2.5442099873484136, 2.0354845249025013, 2.732524303196365, 1.4535813515613127, 1.007282800914651, 1.4666827672489773, 2.010226040748981, 2.0912787446246646, 0.904493378202259, 1.6109694757403308, 2.4547266478244936, 2.169072323138783, 1.2285460356653017, 2.2464098360875515, 2.1974915086708577, 2.971303495719956, 2.0308156587334025, 2.3783913139497974, 2.437931425719548, 3.231707099994009, 2.1810714792211847, 2.7189405076324697, 3.193135026219325, 3.4429778714853687, -0.0, -0.0, -0.0, -0.0, -0.0, 2.549873653335628, 2.305957775324088, 2.0425756082275814, 3.1720628359101646, 1.8422070598875084, 2.577103078890174, 2.4661080623727543, 2.8638725334716972, 2.760401537590938, 2.644856609021122, 2.8354444083810346, 2.706532033895898, 2.840507110927779, 2.013134903329598, 2.708892375179483, 2.8117562296744194, -0.0, 2.243849135897457, 2.659342151285288, 3.2074954913801057, 0.654263115244095, 2.222027164479085, 3.6808185645367426, 3.340786355913086, 2.0617998795244095, 3.3441074513870856, 3.0049104616374773, 2.959656336093422, -0.0, 0.9807761440144089, 2.6079896927593547, 2.93776493247449, 1.9546224512946158, 2.879089834907604, 2.6639883086996976, 2.4847029635132656, 0.22194073285321086, 2.305045386890803, 0.1943918578315762, 2.6497693679331555, 1.532373294291856, 0.9182958340544896, 0.9182958340544896, 1.584962500721156, -0.0, 0.9182958340544896, -0.0, 0.9023779616702384, 1.8049693515199043, 0.8176338568998316, 0.24229218908241482, 1.9940036785623463, 1.3123479506082372, 0.7650756912421843, 1.303739816285293, -0.0, 2.7283175443928283, 0.9445435893262522, 1.0759492089323628, 2.0358023190468835, 2.5808276036176343, 0.44566434565824053, 1.4556746325459051, 2.56489403457023, 2.0325955160579405, 1.604248346411008, 1.822768440962367, 2.1135078467625448, 1.9454562403903104, 2.3063992205745025, 1.9214471027531783, 2.238409521644187, 2.1494371520803472, 2.5947786167010305, 2.6090453840808117, 0.973716109342264, 1.3139074794514396, 2.7833529519618874, 2.136548451658907, 2.5603912620274807, 2.7290401527953247, 3.4291714764455867, 3.0807558213128527, 2.792509343931081, 3.2430958441906963, 2.9034774606414353, 3.1476415874782044, 3.3021026051408557, 3.0359846609015513, 0.49715018363696706, 1.0553532192449844, 1.0434356963218767, 0.8112781244591328, -0.0, -0.0, 1.175141111529052, 2.623415294436098, 1.096660430670472, 1.5324750873643684, 2.6288169577053124, 2.008046582856215, 2.2990038866237743, 0.48176306719391104, 2.3009528323134347, 1.9244621492239782, 0.08079313589591118, 0.6995563653739031, 2.4005817105130793, 1.396404082648075, 0.7063025388975948, 0.8515162983984352, 0.594630315180638, 0.9313243258853694, 0.7456783939711394, -0.0, 1.1025125598074075, -0.0, -0.0, 0.6363897166489637, 0.934068055375491, -0.0, 1.7798771652017422, 0.9395437726687126, -0.0, 0.686302538897595, 1.176842423275767, 0.16144054254182066, 2.283829217782692, 1.2986741598141816, 0.14144054254182067, 1.0247567320521505, 1.6904323743730552, -0.0, 1.6773648575722626, 2.0682094797042074, 1.3198528041879947, 1.7564275447540831, 2.25, 2.5, 1.4056390622295665, 1.5487949406953985, 1.616033386314277, 2.6667415057356267, -0.0, -0.0, 2.906247431632322, 3.32491365940093, 1.2763690478362486, 2.153419806112817, 2.348585006125623, 1.4670873740341766, 1.7633202010561952, 2.4310294756015898, 2.0017635317352234, 0.28639695711595625, 0.9702458350748991, 2.665321179275967, 1.7768312271167424, 0.9443202143486309, 1.3734720153607334, 2.2712175401797694, 1.4796873879855876, 0.7780113035465377, 2.751135796375098, 2.16270606927438, 0.5293608652873644, 0.566090653034748, 2.9433687629673515, 1.6318778762610269, 1.5636666049575685, 1.082920782039039, 1.9124380012146216, 1.8588559536246896, -0.0, 1.2833065016242884, 2.6082693621323467, 1.590337643745877, 0.16144054254182066, 0.519116442129007, 1.0965716874827192, 0.38249336186032434, 1.4648078349210636, 0.3224933618603243, 1.6952440503443995, 1.158178034238031, 1.8297798065426194, 3.4507020593506894, 2.2997004251480635, 2.2881455909808683, 3.1691055895205924, 2.9661861161857277, 2.735140346730187, -0.0, -0.0, -0.0, 2.24024101186092, 2.8788314607516923, 2.9213101216017394, 2.325308005286468, 2.9177334932996164, 2.8501841946141893, 2.6612328151839337, 2.4621383525269596, 2.2178038193176492, 2.527033155461509, 2.6324115697859805, 1.716762084928943, 1.8855831973626322, 1.1559492089323626, 2.2129335883820884, 1.3731341891549078, 0.6395563653739031, 1.6438405538171934, 1.5891741214301738, -0.0, 0.7554828938846007, 0.7776756718460953, 1.8793179679990386, 0.7212798655525016, -0.0, 1.1978930753895478, 1.9085622848793937, 2.2374760009260077, -0.0, -0.0, 0.5611884030780173, 1.829227267911062, 0.6395563653739031, -0.0, 1.5169153238075148, 1.4944977967946405, 1.9813818680392667, 1.48422709843397, 2.4458400669913978, 1.9028434273190904, 1.020159826010792, 1.9628900408289818, 0.5621791902022728, 1.501884218497052, 0.14144054254182067, 1.1320684698806784, 0.9176905631521233, 0.24194073285321088, 0.6082998482997923, 0.14144054254182067, -0.0, -0.0, 0.499915958164528, 0.9763205236931787, -0.0, 1.240686178331477, 1.3015290161029915, 2.301056291949426, -0.0, 2.5134336646494484, 2.0085396838744494, 1.3587788145112492, 1.286251850358967, 1.9566239248329262, 0.5052482226498788, 2.940794674876326, 2.6239572402110802, 1.9803464138951994, 2.138938844424163, 3.001399247072732, 2.9607201620696597, 2.6780171966946007, 2.9159402721867282, 1.5386135508693497, 1.0, 2.9838382524680918, 2.3464196676181905, 1.2337629491660322, 1.518676320608721, 2.3942771626387733, 2.597195309677084, 1.5617682362845946, 2.3943940887759507, 1.3279327685500588, 0.44566434565824053, 0.2747433140607801, 1.8350394152645007, 2.1786252684816154, -0.0, 1.0935420638215123, 0.7053556861713612, 0.3549444868386896, 0.2747433140607801, 2.043293321178012, 1.626981793549102, 1.1136738986282746, 3.054128798169791, 1.8410030102680308, 2.4044367841369896, 1.0707202712709103, 1.5674772426006478, 1.422877481359167, -0.0, 0.7995437726687127, 0.7332020982565228, 1.2329388280201352, 1.5122537480647429, 1.118789036555131, 0.14144054254182067, 1.0610483300089548, 0.8820575076079193, 0.14144054254182067, 0.3022921890824148, 1.1166412614464014, 1.6194482585938041, 1.7797234832013489, 0.3664462644533776, 1.3534369814559744, 0.9143563234573943, 1.3475228979996892, 2.7599318612018116, 0.9263137138648347, 1.0, 1.0, 1.0, 2.479727473488439, 1.8866284456458091, 1.3028381311383201, 1.3272630198817548, 2.179121846153981, 0.9176905631521233, 1.5649962564045292, 1.3765819461072062, 1.1251359443485327, 0.5790188873238005, 2.2684201295622963, 2.2816510443235596, 0.24229218908241482, 0.994567141243528, 0.9851460543178028, 2.004444968897624, 0.9857351497551357, 1.0811191885631823, 1.9257237929718316, 1.894665390157304, -0.0, 0.3549444868386896, 0.8260743459432831, 2.2646448250002393, 2.5063327011859755, 0.14144054254182067, 2.1355339747889057, 1.9297113839988005, 2.5546042276576153, 1.8216837550657825, 3.1590187132103797, 2.873173625175117, 0.22194073285321086, 1.4818655361378816, 2.7085705333359384, 2.975836927982575, 0.7136395280563826, 3.0884362124990505, 2.8384094078906235, 1.5665860050225129, 0.9193590495136459, 0.8883250190360434, 1.2977968115985956, 1.7716491893827273, 2.347837629780664, 2.912971905750614, 3.232173149902279, 0.22194073285321086, 2.6030600931763734, 1.0174757117135078, 1.291722350445207, 2.688368756304532, 2.105387019934316, 0.654263115244095, 1.9547498673519077, 1.9721470105125323, 1.79550834399465, 0.22194073285321086, 1.7101575604303223, 1.2474473632873486, 