{"taxa": 215, "sites": 1038, "patterns": 621, "gaps": 0.0031, "invariant": 0.4113680154142582, "entropy": 0.2939087217145571, "column_entropies": [-0.0, 0.04307048235072913, -0.0, -0.0, 0.3674984948272914, 0.2732895632424373, -0.0, -0.0, 0.4735423751236495, 1.2946126681472945, 0.04307048235072913, -0.0, 0.4178642624458584, 0.04307048235072913, 0.04307048235072913, -0.0, -0.0, 0.1851247601005459, 0.4793274523157513, 0.9912765543683295, 0.2891553438265272, 0.7712982347007542, 0.6543212841372468, 0.905481888950751, 0.18445186314098755, -0.0, 1.4202161691781283, 0.18445186314098755, 0.10638840546946682, 0.38346413230879783, 0.13402979616803595, 0.7762148942880402, 1.6999944738112711, 0.10638840546946682, 0.1851247601005459, 0.3315314310672507, 0.04307048235072913, -0.0, 1.2642966099253046, 0.20780677772468167, 0.25164107326284196, 0.2723359083120875, 0.47782074458580803, 0.8858126995052983, -0.0, 0.0429008690735602, -0.0, 0.966408672349208, -0.0, -0.0, 0.9013745843968239, 0.807553895427769, 0.20780677772468167, 1.0780269575074348, -0.0, -0.0, 0.7586568466031046, 0.2723359083120875, 0.07642429309554775, 0.38346413230879783, -0.0, -0.0, 0.2301627406079554, 0.6266081626897668, 0.2301627406079554, 1.0618370562032826, -0.0, -0.0, 0.596826070382582, 0.36627232087631556, -0.0, 0.20780677772468167, -0.0, -0.0, 0.8743279638844101, -0.0, -0.0, -0.0, -0.0, -0.0, 0.8941278623932593, 0.5201575334938999, -0.0, 1.0802789491238383, -0.0, -0.0, 0.5622188141592593, -0.0, -0.0, 0.10638840546946682, 0.20780677772468167, -0.0, 1.53678396745573, 0.41650540008085524, 0.3149133782821544, 0.7146432704777965, 0.2301627406079554, -0.0, 0.11926171155434284, 0.04307048235072913, -0.0, 0.2301627406079554, 0.20780677772468167, -0.0, 0.44790785891493196, -0.0, -0.0, 0.4746739296734325, -0.0, -0.0, 0.35609519600321476, 1.1169726703107825, -0.0, 0.7708163033410663, -0.0, -0.0, 0.6831200523067068, -0.0, -0.0, 1.0239246861479843, 0.10598808740545235, -0.0, 0.5883256395223738, -0.0, -0.0, 1.0866400385769497, 0.2932033360471475, -0.0, 0.7491568020232657, -0.0, -0.0, 0.4151562986179823, 0.042732686380876794, 0.07613169094711818, 0.4573008520427512, -0.0, 0.18378432117443042, 0.5212962445174288, 0.14862626205746254, -0.0, 0.1335327155558973, 0.042732686380876794, 0.40730141506707007, 0.6518192487419016, -0.0, 0.042732686380876794, 0.2913160236955283, -0.0, -0.0, 0.20706286899527238, -0.0, -0.0, -0.0, 0.042732686380876794, 0.042732686380876794, 0.042732686380876794, 0.1335327155558973, -0.0, 0.6729024873776147, -0.0, -0.0, 0.6298400953356383, -0.0, -0.0, 0.9357353506341057, 1.2305994737786874, -0.0, -0.0, -0.0, -0.0, 0.1335327155558973, -0.0, -0.0, -0.0, -0.0, -0.0, 0.6409441847875287, -0.0, -0.0, 0.1335327155558973, 0.07613169094711818, -0.0, 1.2482015605859837, 0.18378432117443042, -0.0, 0.8896527499312277, -0.0, -0.0, 0.07613169094711818, 0.042732686380876794, -0.0, 0.5048067743702243, 0.07613169094711818, -0.0, 1.153494205210596, 0.042732686380876794, -0.0, 0.4538625567556377, -0.0, -0.0, 0.4244132645859128, 0.8896527499312277, 0.042732686380876794, 0.17613908814813126, 0.7029286613707618, -0.0, 0.08543401652851353, -0.0, -0.0, 0.9598268445963842, 0.3650551896402848, -0.0, 0.20192448177857053, 0.042732686380876794, -0.0, 1.0653062653398293, 0.042732686380876794, -0.0, -0.0, 0.042732686380876794, -0.0, 0.27138958750811115, 0.042732686380876794, 0.042732686380876794, 0.042732686380876794, -0.0, -0.0, 0.25195349436458975, -0.0, -0.0, 0.22934726725290067, 0.10598808740545235, -0.0, 0.3336954589215485, 0.7489720369833592, -0.0, 0.08543401652851353, -0.0, -0.0, 0.10598808740545235, -0.0, -0.0, 0.11880151764807313, -0.0, -0.0, 0.07613169094711818, 0.042732686380876794, 0.17613908814813126, 0.743327847450261, -0.0, -0.0, 0.10598808740545235, 0.6504758389148844, 0.25953436025603116, 0.2718249026139115, -0.0, -0.0, 0.2913160236955283, 0.042732686380876794, 0.18378432117443042, 0.22934726725290067, 0.042732686380876794, -0.0, 0.550489363364471, 0.59246096328835, -0.0, 0.571536614059877, 0.5738945389519522, 0.5389243293162529, 0.07613169094711818, -0.0, 0.042732686380876794, 0.8878976333042937, -0.0, -0.0, 1.5703158082719109, 1.4457155530258126, 0.43101260678941866, 1.0946976674121627, 0.07613169094711818, 0.042732686380876794, 0.6409441847875287, -0.0, -0.0, 1.136094248732146, 0.3650551896402848, -0.0, 0.32928849679087085, 0.39889294690565347, 0.2507582746465589, 0.7978608964881531, 0.7626093884126639, 0.9829386414682794, 0.5320288921501527, -0.0, -0.0, 1.2662068313787185, 1.6594440095271181, 0.4907290117858636, 0.8550863500756585, -0.0, -0.0, 0.39889294690565347, 0.49010884397487564, -0.0, 0.8896527499312277, -0.0, 0.042732686380876794, 0.1335327155558973, -0.0, 0.4151562986179823, 0.042732686380876794, -0.0, -0.0, 0.34742838988819935, -0.0, -0.0, 1.418946042999166, 0.042732686380876794, -0.0, 0.6518192487419016, 0.042732686380876794, -0.0, 0.8131159077602481, 0.042732686380876794, -0.0, 0.20706286899527238, -0.0, -0.0, 0.7006691244682406, 0.1335327155558973, -0.0, 0.4907290117858636, -0.0, -0.0, 0.3650551896402848, 0.18378432117443042, -0.0, 1.6869649513148983, -0.0, -0.0, 0.44648134689680297, -0.0, -0.0, 0.32928849679087085, -0.0, -0.0, 0.9594113154743329, -0.0, -0.0, 0.5177887693495018, 0.15935006268563445, -0.0, 0.5580756318378279, 0.042732686380876794, -0.0, 0.7026581650499093, -0.0, -0.0, 0.6729024873776147, -0.0, -0.0, 0.39889294690565347, 0.9829386414682794, 0.5320288921501527, 0.10598808740545235, 0.042732686380876794, -0.0, 0.4151562986179823, -0.0, -0.0, 0.27138958750811115, 0.11880151764807313, -0.0, 0.10598808740545235, -0.0, -0.0, 0.042732686380876794, -0.0, -0.0, -0.0, 0.44648134689680297, -0.0, 0.042732686380876794, -0.0, -0.0, 0.9652483067298239, 0.10598808740545235, 0.042732686380876794, 0.14862626205746254, -0.0, -0.0, 0.1335327155558973, -0.0, -0.0, 0.31380191604965224, -0.0, -0.0, 0.042732686380876794, -0.0, -0.0, 0.07613169094711818, -0.0, -0.0, -0.0, 0.2932033360471475, -0.0, 0.8465305171787492, -0.0, -0.0, 0.25953436025603116, -0.0, -0.0, 1.2352254099802202, 0.4907290117858636, -0.0, 0.808930045358479, 0.1335327155558973, -0.0, 0.4115827801415925, 0.40730141506707007, -0.0, 0.8784295210402189, -0.0, -0.0, 1.3237436589459515, -0.0, 0.042732686380876794, 0.44790785891493196, 0.10638840546946682, 0.0429008690735602, 0.24538548791144066, 0.9898098339369757, -0.0, -0.0, 0.5044917387530692, 0.6524424444953064, 1.1931877225793164, -0.0, 0.042732686380876794, 0.6185015451476384, -0.0, -0.0, 0.2507582746465589, 0.07613169094711818, -0.0, 1.3513213332200413, 0.1335327155558973, -0.0, -0.0, -0.0, -0.0, 0.16143969230008334, 0.042732686380876794, -0.0, 0.8604714316436423, -0.0, 0.7489720369833592, 1.1771221015457567, 1.112239097690237, 0.1335327155558973, 0.7219280948873623, 0.9053901839421292, -0.0, 0.7584673630250063, 1.5524665106807776, 0.5185697317883058, 0.48855725292876256, 0.782444129406689, -0.0, 0.22934726725290067, -0.0, -0.0, 0.2922451794769961, 0.27138958750811115, -0.0, 1.1800608883607504, 0.27182490261391146, 0.5320288921501527, 0.2648610906175505, -0.0, -0.0, 0.9158092829729461, 0.18378432117443042, -0.0, -0.0, 0.1335327155558973, -0.0, 1.4766736280815709, 1.1156022215323114, -0.0, 1.6571123251457591, -0.0, -0.0, 1.1972701384536135, 0.042732686380876794, -0.0, 1.7152765597356747, -0.0, 0.47632445980918103, 0.47312292430293845, 0.22632663387934818, -0.0, 0.5738945389519522, -0.0, -0.0, 0.6508721635260044, 0.5830194167347008, -0.0, 0.7124773917740383, -0.0, -0.0, 0.2913160236955283, -0.0, -0.0, 0.43101260678941866, -0.0, -0.0, 0.4425749449529952, -0.0, -0.0, 0.4151562986179823, -0.0, -0.0, 0.2718249026139115, -0.0, -0.0, 0.07613169094711818, -0.0, -0.0, 0.15935006268563445, -0.0, -0.0, 0.6714147382320045, 0.2913160236955283, -0.0, 0.5580756318378279, -0.0, -0.0, 0.6729024873776147, -0.0, 0.042732686380876794, 0.10598808740545235, -0.0, -0.0, 1.1412539655281357, -0.0, -0.0, 0.6901823845891464, -0.0, -0.0, 0.20706286899527238, 0.5738945389519522, -0.0, 0.7464105701405589, 