{"taxa": 56, "sites": 386, "patterns": 338, "gaps": 0.0298, "invariant": 0.20466321243523317, "entropy": 0.5208946944763735, "column_entropies": [-0.0, -0.0, -0.0, 2.402302185989185, 1.5385267307230535, 2.109383034252636, 1.789929075309999, 1.207261261102577, 1.8290467526778278, -0.0, 2.122787690229877, 0.7723890519374953, 0.6942435906153012, 0.269548899081194, 1.6046383491079403, -0.0, -0.0, 0.13110652958234503, 0.4971677614160753, -0.0, 0.6142177228203645, 0.8453509366224364, -0.0, 0.13110652958234503, -0.0, 0.48511076006018194, 0.225363639127395, -0.0, 0.225363639127395, 0.39185307091853616, 0.5214743964238182, 0.13110652958234503, 0.2617272754910313, 0.6337091251311104, 0.13110652958234503, -0.0, 0.13110652958234503, 0.48511076006018194, 0.7163515129214616, 0.564128859144665, 0.13110652958234503, 0.4851107600601819, 0.26172727549103136, 0.7219280948873623, 1.2796497688213755, 2.347348798540963, 1.0022363106975, 1.3536568778011944, 0.48511076006018194, 0.9024385559275011, 0.1292337748458849, -0.0, 0.6967690383301712, 1.1898635078318656, 0.899621216043694, -0.0, 0.4783751837837328, 1.5425714488097417, 0.4291807641022422, 0.3013786435930858, -0.0, 0.1292337748458849, 0.2579991163999737, 0.1292337748458849, 0.3862873489888621, 0.8129291986816702, 0.3505730632745764, 0.2579991163999737, 0.1292337748458849, 0.7147274731317892, 0.1292337748458849, 0.9668964215424442, 0.222284830685688, 0.9255132746075955, 0.1292337748458849, -0.0, 0.1292337748458849, 0.1292337748458849, 0.3505730632745764, -0.0, 0.7945484848566722, 0.49123734182433315, 1.0622698109081752, 0.3013786435930858, 0.1292337748458849, -0.0, 0.2579991163999737, -0.0, 0.1292337748458849, 0.222284830685688, 0.13110652958234503, -0.0, 0.386287348988862, 0.1292337748458849, 0.3505730632745764, 0.1292337748458849, 0.3013786435930858, 0.1292337748458849, 0.1292337748458849, 0.1292337748458849, 0.1292337748458849, 0.5896261811873141, 0.9488156357251847, 0.1292337748458849, 0.386287348988862, 0.687168799984711, 0.1292337748458849, 0.2579991163999737, 0.5699675570478492, -0.0, -0.0, -0.0, -0.0, 0.1292337748458849, 0.1292337748458849, 1.2091963191047146, -0.0, -0.0, -0.0, 1.7484380809166904, -0.0, 0.1292337748458849, -0.0, 0.6175235405223873, 0.1292337748458849, 0.4783751837837328, 0.5214743964238182, 0.386287348988862, 0.7516266655996541, 0.1292337748458849, 0.1292337748458849, 0.4291807641022422, 0.1292337748458849, 0.6413961284764207, 2.2112121735678634, 0.1292337748458849, 0.37123232664087563, 1.2772195429145028, 0.1292337748458849, 0.222284830685688, 1.5960274141913682, 0.222284830685688, 0.2579991163999737, -0.0, -0.0, -0.0, 0.1292337748458849, -0.0, -0.0, 0.6360156177392154, 0.1292337748458849, -0.0, -0.0, 0.1292337748458849, 0.1292337748458849, -0.0, 0.4985389856192778, -0.0, 1.2547862666203593, -0.0, 0.4783751837837328, -0.0, 0.1292337748458849, -0.0, -0.0, 0.9768740126265281, 0.13110652958234503, 0.8848064515608867, -0.0, 0.1292337748458849, 0.1292337748458849, 0.2579991163999737, 0.4291807641022422, -0.0, 0.9121156307204276, 1.079961252954828, 0.2579991163999737, 0.1292337748458849, 0.1292337748458849, 0.1292337748458849, 0.37123232664087563, 1.8916663593673646, 0.1292337748458849, 1.1835893577628762, 0.5564874230806444, 0.8058576010107721, -0.0, -0.0, 0.1292337748458849, 0.1292337748458849, 0.1292337748458849, -0.0, 0.8639069303294082, 1.2051269537653182, 0.9255132746075956, 1.4416882835449625, 0.3505730632745764, 1.1202182483695418, 0.1292337748458849, 2.2004538938690357, 0.3505730632745764, 0.5140894694980185, 0.1292337748458849, 0.732483324044457, 1.928127859009622, 0.2579991163999737, 1.095592253036693, 0.2579991163999737, 0.6360156177392154, -0.0, 0.1292337748458849, 0.7159123798853684, 0.1292337748458849, 0.1292337748458849, 0.2579991163999737, -0.0, 0.1292337748458849, 0.4291807641022422, 0.1292337748458849, 0.1292337748458849, 0.4426608980694471, 0.1292337748458849, 1.3892317247223904, 0.37123232664087563, 0.5608826012866568, 0.222284830685688, 1.0740392786853015, 0.1292337748458849, 0.8888857761841272, 0.8848064515608868, 1.5996404345994262, 0.1292337748458849, 1.2781042161374518, 2.1865077933535826, 0.989130573289525, 0.6693248418965555, 1.9628205048765432, 2.185923121476973, 0.5140894694980185, -0.0, 0.6475746186486807, 2.114605144924189, 1.3151695037073028, 0.4783751837837328, 0.3505730632745764, 1.3193301996970648, 0.2579991163999737, 0.2579991163999737, 0.1292337748458849, -0.0, 0.1292337748458849, 0.1292337748458849, 0.9726349893250704, 0.6475746186486808, 0.3505730632745764, 0.7516266655996541, 0.676941869780886, 0.5140894694980185, 1.1824683512223502, 0.5564874230806444, 0.1292337748458849, -0.0, 0.6056818427621349, 1.2944860115924073, -0.0, 0.386287348988862, 1.5712853963255964, 0.2579991163999737, 0.4291807641022422, 1.3561179102044212, 0.1292337748458849, 1.2179503368845908, 2.0160106598614242, 1.7402620508033642, 0.2579991163999737, 1.755101331924071, -0.0, 0.1292337748458849, 1.9608391707794055, 2.550248225818012, 0.222284830685688, 0.6253404669015998, 0.5608826012866568, 1.691368948624962, 1.2543213734468084, 0.899621216043694, 1.0580072882929423, 0.9913997353958292, 0.5608826012866568, -0.0, 0.9891305732895251, 0.2579991163999737, 0.1292337748458849, -0.0, 1.2693069482071098, 0.1292337748458849, 0.8112781244591328, -0.0, 0.4985389856192778, 0.49123734182433315, -0.0, -0.0, 1.7892779618043966, -0.0, 1.6268957017748507, 0.1292337748458849, 0.885612871398971, 0.1292337748458849, -0.0, -0.0, 0.7945484848566722, 0.222284830685688, 0.1292337748458849, 1.1111424153428442, 1.3470326842756588, -0.0, 0.386287348988862, 0.687168799984711, 1.436793729621502, 1.0799612529548281, -0.0, 0.6693248418965555, 2.0086217800361656, 0.222284830685688, 0.222284830685688, 1.1959905850672135, 1.3280842174769407, 1.3790137298962672, 0.2579991163999737, 0.5564874230806444, -0.0, -0.0, 1.2431755120811645, 1.2772195429145028, 0.6253404669016, 0.222284830685688, 1.0580072882929423, 0.2579991163999737, 1.0425705862120438, 1.2213304490347237, 0.222284830685688, 0.1292337748458849, 0.6967690383301713, 0.3505730632745764, -0.0, 0.3505730632745764, 0.1292337748458849, 0.3505730632745764, 0.1292337748458849, -0.0, 0.3505730632745764, -0.0, -0.0, -0.0, 0.2579991163999737, 0.1292337748458849, 0.7168964215424442, 0.1292337748458849, -0.0, 0.7159123798853684, -0.0, -0.0, 0.3862873489888621, 1.1307785499683392, -0.0, 0.3013786435930858, 0.1292337748458849, 0.7280204932858938, 1.2484303200020292, 0.1292337748458849, 1.8838004379609834, 0.1292337748458849, -0.0, 0.386287348988862, -0.0, 1.3407689182877618, -0.0, 0.2579991163999737, 0.924600061898413, 0.222284830685688, 0.2579991163999737, 0.3505730632745764, 0.9353355017579799, -0.0, -0.0, 0.386287348988862], "bollback": -2201.3068972097217, "treelikeness": 0.29936468604943006}