{"taxa": 164, "sites": 383, "patterns": 379, "gaps": 0.44670000000000004, "invariant": 0.09399477806788512, "entropy": 2.1256266107594595, "column_entropies": [-0.0, -0.0, -0.0, -0.0, -0.0, -0.0, -0.0, 1.0, 1.0, 0.9182958340544896, 1.584962500721156, 0.9182958340544896, 1.584962500721156, 2.0, 1.5, -0.0, 1.5219280948873621, 1.9219280948873623, 0.33682838393851855, 2.568836260494323, 2.6205165815112417, 2.75, 2.25, 2.921928094887362, 2.5949066182439395, 2.004886164091843, 1.4949188482339508, 2.2312702546075758, 1.836591668108979, 1.5304930567574826, 1.75, 2.235926350629032, 1.3787834934861753, 1.664497779200461, 1.75, 2.5, 1.789929075309999, 2.2998963911678914, 3.095795255000934, 2.663532754804255, 1.8423709931771088, 1.4488156357251847, 2.25, 2.5, 2.25, 2.5, 2.0, 2.1556390622295662, 2.4464393446710155, 2.4193819456463714, 1.3516441151533924, 1.8024212838293647, 2.046179691947497, 1.8024212838293645, 1.6266144718101816, 0.9933927290103627, 0.6685644431995964, 2.48345859334435, 1.9864267287308426, 0.9141828384352135, 1.0975378398419535, 1.3709505944546687, 1.3709505944546687, 1.189731916820733, 1.2319817814011405, 0.4854607607459134, 1.1540157730728, 2.1464393446710157, 2.699082295352821, 1.3563429881688325, 2.111395339869898, 2.5437891139974544, 2.7906833437030993, 1.648501132062824, 1.651451765231136, 2.7838251468783217, 2.993950710269277, 2.909900311767207, 3.383787535489711, 1.5602277121254966, 2.2641236919709917, 2.2252144139521426, 1.9079041550944742, 1.945074091565266, 2.555792497440634, 2.419855156298043, 2.5731465604540142, 2.1369168621552976, 2.3691870335557117, 2.264989268927215, 2.858275838831159, -0.0, -0.0, -0.0, -0.0, 0.7219280948873623, -0.0, -0.0, 1.3709505944546687, 1.3709505944546687, 1.3709505944546687, -0.0, -0.0, -0.0, -0.0, -0.0, -0.0, 2.2783270027328792, 2.684382780725978, 1.3787834934861753, 2.385044878362329, 2.2573530849184076, 1.6854752972273346, 2.7671940063664247, 2.3692199417224673, 1.7422929989621836, 3.114603547269604, 2.7744640478662523, 3.263233447121628, 2.0894476230831325, 2.3307189467586147, 1.5038132733276304, 3.578184402041603, 0.5435644431995964, -0.0, -0.0, -0.0, -0.0, 0.9709505944546686, 2.9071738202068382, 1.8349823752228522, 2.643722947601211, 2.597122913308255, 3.2231123412634703, 2.61109439641066, 1.6759099473258767, 1.867633890971212, 2.186704345910025, -0.0, 2.188247077810026, 2.0409200451145293, -0.0, -0.0, -0.0, -0.0, 2.9632809410650283, 2.6175120360528394, -0.0, -0.0, 2.9022800539236258, 1.6415057880260648, 0.9989676766756055, 2.507179560570818, 2.0928212478217385, 2.2861369857930676, 1.899325910383867, 0.054466597481213415, 2.3693778095767515, 1.180203614455643, 2.2404170286409837, 2.2123813395202987, 1.8638263900908159, 2.3580139656910566, 1.4926960016208903, 2.3877406917802166, 3.396477131209585, 0.6500224216483541, 1.9182958340544896, 1.2516291673878228, 1.8526501344712492, 2.9319306230250515, 1.6702978398235189, 0.4312403914787487, 2.868954910619371, 1.2968280011390894, 0.828518039814415, 2.8337479602285263, 3.271445841902165, 0.42596413856348114, 0.7921309381115373, 2.7603203616553933, 2.7849365954554743, 2.1496165427729594, 1.551506865255103, 2.065988402163905, 2.4164997849817107, 2.116299605701696, 2.206736845314643, 1.4591479170272446, 1.2516291673878228, 0.863120568566631, 1.3787834934861753, 2.8584585933443494, 3.208007883550537, 2.8524659814572493, 3.0397728666798667, 0.8446945420638062, 2.473420974757775, 0.9003572436776364, 3.1440809657211073, 1.7307904274622636, 2.4315374446330122, 3.0717815753940103, 2.880874377523274, 1.7965739004987253, 1.0836057797903278, 3.02103120274369, 1.9366689867000182, 2.018305824973689, 2.0543805101421704, 2.7746656532939027, 1.5672699575402291, 2.81382578975055, 1.8553070140921872, 2.162995440768142, 3.041469515802443, 2.1801287845433515, 2.480711582577285, 1.9498378776309722, 1.7262444402883128, 2.8767743958073613, 2.5302300508247346, -0.0, 2.749868957342892, 3.1562461287689954, 3.2779048920103215, 1.364034465206756, 2.121177460903491, 1.7602789449349647, 2.1556390622295662, 3.267329322084424, 3.126481211939235, 3.2630302952829084, 3.2731360736181303, 2.851375104481808, 3.059492470308104, 3.104210290580968, 2.868351294863765, 2.9476939741149, 3.0875344348140197, 3.2718911639007904, 3.1286194386502633, 3.463835809374754, 3.6163384710634285, 3.070264375006696, 1.9502120649147465, 2.2810361125534233, 2.8852774573092956, 3.1646043515200235, 3.4612464297817205, 3.1330561140600457, 2.8931952055058603, 3.06131631555936, 2.6864924338960643, 3.5838062750655375, 2.9670288182769813, 2.5858340008697867, 2.3986594009060838, 2.148898864222969, 1.2584211053570782, 2.7949010065030473, 1.9877282647785313, 1.4002114096053027, -0.0, 3.1325982461549478, 3.0770362521709904, 1.8398336914651123, 2.084962500721156, 2.180464401414189, 3.27484726877357, 2.7439853606252504, 1.1356684817758358, 2.7459079456028697, 2.984504182708088, 3.0225631916634224, 2.121489738703736, 2.836134763340881, 3.1702542908877405, 3.0957180851387824, 1.7613467964545664, 2.6044859918213428, 1.616332857133318, -0.0, 1.5377162383219378, 2.5821522039171665, 3.084252152281996, 2.021007354680385, 1.4079856944735232, 2.4864073815122474, 1.3022137771732483, 0.5067960281491646, 2.3326789756314135, 2.7401388407531218, 2.409713091606165, 2.794068332331376, 2.356217194018653, 2.9287625927685648, -0.0, 2.6075234623180727, 2.704275714918427, 2.7486361069154466, 2.867914982693915, 3.1472030297520313, 3.5309816043701163, 3.000756166969425, 3.1227637188866715, 2.9873238301431777, 2.3458519893382603, 2.049452072789394, 1.6893917467430877, 2.660129752633257, 2.23345859334435, 2.2988252450030506, 3.513151540197706, 3.223314488757467, 1.9295657190385616, 2.9507338539922396, 3.301848461851407, 2.483584022233057, 2.867602261455414, 1.4467247485005383, 1.7717765115088822, 3.053735611933397, 2.4397828591118333, 3.525750109432275, 3.0644314869367615, 1.9658256482566816, 2.945396583671624, 2.8801230646150375, 3.4051431327902693, 2.810944675822101, 3.2118814392395234, 3.28154601834666, 3.5377915486180243, 2.884722640410616, 3.269598715540733, 2.041632605152726, 2.073719690232745, 2.70950035029676, 2.40985039837173, 3.555139994589629, 2.969389419529156, 3.0348430537024065, 3.173238140250363, 2.8049347447940223, 3.492836359794286, 3.3219144213260074, 3.59378386166205, 2.7322219910486227, 3.207203082428731, 3.4307932248981072, 3.363645957291763, 3.167374903182119, 3.092156369325446, 3.6059694408319154, 2.748471333066727, 2.783803022575557, 3.0488840705376354, 2.6312929881819, 3.603426362145803, 2.944575766094938, 3.3770852074810276, 3.405782165498285, 3.480606462085796, 3.353595362648648, 3.6853575064708552, 3.1831875454575136, 3.652564020264775, 3.4010641064071625, 3.1326955199912523, 3.253212018409155, 3.1872967704146875, 3.1973257087065035, 3.1030205472109826, 2.9477027792200903, 2.399397470347699, 2.045841640885174, 1.7273966735744795, 2.4225797618424916, 2.038159681645953, 1.5219280948873621, 0.9182958340544896, -0.0], "bollback": -2272.552223411708, "treelikeness": 0.22494412548677936}