{"taxa": 99, "sites": 696, "patterns": 651, "gaps": 0.27190000000000003, "invariant": 0.16091954022988506, "entropy": 1.512211911408957, "column_entropies": [-0.0, -0.0, -0.0, -0.0, 0.9182958340544896, 1.584962500721156, 1.4466166676282082, 1.9609640474436814, 1.7295739585136223, 2.054585169337799, 1.5926676049234036, 2.1380457158230657, 2.592953716579652, 3.207823998989018, 1.6239634275908164, 2.280065177568076, 0.876977353339742, 0.800988828984396, 1.8568993879361708, 2.2116401284002905, 2.000469070147189, -0.0, -0.0, 1.1239176291085669, 1.2499713226032345, -0.0, 1.81371970022198, 2.2504202489310146, 1.9974886244222536, 1.6455088700377427, 1.7598211601189249, 2.454386569205005, 2.0741966875878273, 2.350583993815671, 1.9845751469373991, 2.7540386438913553, 2.5123357541453735, 1.5, 2.0237444815627574, 3.104248594095258, 2.947110595192934, 2.635258156941789, 3.1272993289969544, 2.1059689597370794, 2.1165762115157865, 2.33345169729548, 1.791848483686326, 1.4507347117753253, 1.6888452815760617, 2.096721226875169, 0.6193821946787638, -0.0, 2.8711723114841305, 2.261000022269472, 1.6152997957807171, 1.9395761318420806, 2.4862286550535915, 2.7453834185186374, 1.8696890749462933, 2.7892822307411316, 2.3018505031164125, 2.3466846213164807, 1.8556941062201011, 2.245260554338734, 2.2041890297226105, 2.114639594996383, 2.339443610564025, 3.221648050204834, 1.9496305550219406, 2.0721424941379953, 3.255712390805845, 2.8451446318959968, 1.130978036602587, 1.1242686080830924, 2.7159913833955485, 2.498126902716657, 3.4211722743678705, 2.699250677803297, 2.1802873255079183, -0.0, 1.2516291673878228, -0.0, 1.9508257945180887, 1.3250112108241772, 1.207518749639422, 0.39124356362925566, 2.1887870678023824, 1.6691803368667308, 2.816307519224645, 1.5567796494470396, 2.6688794966667433, 2.0402488122877744, 0.7526755163437769, 1.3234887101815367, 1.933574778815236, 0.983349917923894, 2.793623540854445, 2.922024242903976, 2.8720412898388874, -0.0, 1.3253167022583467, 2.100819734898113, 0.41381685030363374, 0.9182958340544896, 0.41381685030363374, -0.0, 2.584962500721156, 1.384431504340598, -0.0, 3.0700335003386376, 2.6674353066500913, 1.4320286264362636, 2.18646000134264, 3.238576851821654, 0.7513503239906133, 2.326669521999032, 1.8445489761330673, 0.08146202691506, 0.7711799632065308, 0.2845456827923365, 0.2237364173601046, 1.4293095534176132, 0.5291721440788627, 2.066222367214855, 2.391548678566202, 1.5743008668620033, 1.4249464072730995, 2.663505437310246, 0.6136190195993708, 0.33757642250525227, 1.737356607157346, 2.268856657888023, 1.6983400895063923, 2.5637757044136915, 2.517616636987856, 2.2399080866772514, 2.360907967777209, 2.0193025893511445, 1.9780576543920991, 2.69216334751379, 1.572072322078194, 1.5929148504048372, 3.343707752695897, 3.0754021444223576, 1.276195427647939, -0.0, -0.0, -0.0, -0.0, -0.0, -0.0, -0.0, -0.0, -0.0, 3.0115401085707005, 2.99705599021926, 1.6840337827101937, 1.9698399415453878, 1.7618568907729777, 2.454062994347626, 1.2265610786911039, 2.512763522934054, 2.5040317882246765, 2.157940369311406, 1.380539609936794, 0.6124039037863338, 2.3904945159524162, 0.9370184984043209, 1.5915085561229796, 1.6433301535689775, 2.4679868792084756, 2.0314358313085203, 1.9452452395414668, -0.0, 2.079099465928604, -0.0, 2.7415141832485, 0.9611324678242698, 1.6327773190546837, 0.5879303728017198, 1.2955852608203664, 1.9821045879829948, 0.3654035689917519, -0.0, 0.6381619453140062, 1.348264032083201, 0.2439384375621248, 0.9607079018756469, 0.561028486340068, 2.0510589515006155, 2.4430877122070567, 0.5032583347756457, 1.4095280122349845, 0.8320141139284127, 0.1425733302598987, 1.066881096472942, 1.5909272365980582, 1.506008694079362, 0.2441416423882961, 1.0121405045056164, 2.0134517437637687, 0.08146202691506, -0.0, -0.0, 1.2331776223539377, 2.5692339628732497, 2.0744610054111563, 0.8939223231503243, 2.724720972521843, 0.910892986889139, 0.6136190195993708, 1.0931656457701422, 2.2738515827086, 0.33757642250525227, 0.19590927087360493, 0.4182792772997067, 0.6116256595976604, -0.0, 0.08146202691506, 1.5076017847177197, 1.6809093976667981, 0.32984607020714635, 0.2885385136944104, 1.4355625570721615, 2.0306563834439766, 1.6570767743002293, 0.08146202691506, 1.5314666351449597, 1.8364269964606585, 2.1241040737165573, 1.9989065556262329, 2.3344671060187054, 1.4181379568450643, 0.9182958340544896, 0.9182958340544896, -0.0, 0.9182958340544896, 0.9173987671679802, 2.9549928370331813, 1.7732143550933817, 1.8748587169101305, 2.6069367321753214, 2.1711395066729176, 1.439254017211876, 3.0518445884045264, 2.9695324128501395, 2.8707478179164587, 3.2516921613592995, 2.5826487664513436, 1.0894120979429882, 1.3872725779196917, 1.1516217241605338, 1.8773036792559163, 2.787893990691201, 2.9416463363063032, 1.6630274326665198, 3.1128931631371732, 3.257087279220939, 1.0, 1.584962500721156, 1.4392540172118764, 1.5577277787393191, 3.42186291338232, 3.1824290070531163, 3.468311494188875, 1.760109110162938, 2.9197995465089956, 2.610577243331642, 2.162971700793512, 2.593866643788516, 2.985228136034251, 2.297902689682947, 1.7420625893494752, 1.2998037552123043, 2.288450457308289, 2.941895825528921, 3.0734660718742957, 3.250181811773687, 2.6040004139575346, 3.414875175236457, 2.6925206072325096, 2.0673352979733433, 3.5008260245076013, 2.240090807672945, 2.2988907006464863, 1.567530535618547, 2.0864689655012736, 1.4707525218892439, 1.7937518561148853, 1.3854443242153263, 2.0570700159224398, 1.7477635277741443, 0.5032583347756457, 0.630871262904495, 0.872475205485193, -0.0, 2.316183956541598, -0.0, 1.8585573142810239, 1.9218252549191521, -0.0, 1.2343888840832413, -0.0, 0.3855003631801458, -0.0, -0.0, -0.0, 0.9405562310583804, 0.08146202691506, 0.2237364173601046, 0.876977353339742, 1.4920572475994136, -0.0, -0.0, 0.671601270783059, 1.9799342013399792, 1.0013365952866942, 0.08146202691506, 0.8754822102867935, 1.3005546493017026, 0.1425733302598987, 0.08283655281361223, 1.0476588712541923, 1.329767720970534, 0.6096605005801529, 0.1627753504619189, -0.0, 1.2906711140846652, 0.08146202691506, 1.472599089229856, 0.1425733302598987, 0.19590927087360493, 1.2176350651141976, 1.7884274369202673, 0.2441416423882961, 1.786928230668866, 2.4183792890851867, 1.3897752663278609, 0.7223413633454436, 1.7500428836019761, 1.7089435331195464, 0.22373641736010463, 3.0202781631807762, 1.6224427413641083, 2.352509986216209, 0.9182958340544896, 0.9182958340544896, 3.076785323839381, 3.3241791699782053, 2.636503180329379, 2.1655849875252797, 2.6801234865061536, 2.5138531062860032, 1.830823775936093, 2.8867141311284437, 2.752034128790859, 1.7003795938497872, 1.3667875872259718, 1.718532972587965, 1.3500566442284911, 1.6299888441721797, 1.034398942606896, 1.5094194679327468, 0.3692413684888648, 1.563930993850648, 1.2628839008717192, 1.443161263892718, 1.8501463286047584, 0.35777844270727244, 0.662744044861705, 1.597401339808861, -0.0, 2.7290393275566225, 0.5295948105431699, 1.980621310363006, -0.0, 1.0863779584415947, 1.3071888256103674, 0.8152560766360701, -0.0, -0.0, 0.8234856149092927, -0.0, 0.9963906193677698, 1.6004115271289066, -0.0, 0.1627753504619189, -0.0, 1.185829665089309, 0.8298836623983104, 1.6423170200187596, 1.6175860940492526, 0.5328350630342233, 2.0954792488204133, 1.4305827189362788, 1.7168025679003207, 2.1808179762834388, 2.151898562922832, 3.4424149139896936, 3.1726248763471547, 2.8397755396455078, 2.8205898566665457, 2.5294881142662007, 2.8152023999804863, 2.6772692117785932, 2.4915485198790632, 2.153291231890481, 1.5301404544057031, 1.4040570789212397, 2.167487423646236, -0.0, -0.0, -0.0, -0.0, -0.0, -0.0, -0.0, -0.0, -0.0, -0.0, -0.0, 1.9211854965885542, 3.0937281041908586, -0.0, 0.8510013145580397, 2.03830831180459, 2.191439578720111, 0.6670659264465721, 0.46604651950137543, 1.9956193386916266, 1.138063108193407, -0.0, -0.0, 2.253283282832846, 1.7514356808978278, 1.1931297676503758, 1.48663097347167, 1.874279886138796, 0.4394969869215134, -0.0, 0.8417740347824443, 2.3544027903160925, 