{"taxa": 66, "sites": 463, "patterns": 459, "gaps": 0.12869999999999998, "invariant": 0.056155507559395246, "entropy": 1.714185416600461, "column_entropies": [0.7973265101474423, 0.3366790555444543, 0.8179252501386403, 1.0130984573703798, 1.3804892348491262, 0.951326151210999, 1.2442870948825957, 1.2630521688589518, 0.45934162149987057, 1.920813045834448, 0.4743454375622397, 1.1640919601470041, 1.0146772070274483, 2.475152865770739, 3.1998205781208537, 2.013834073670604, 2.0547701340094955, 1.5127340375910296, 2.8059897083100456, 1.231117165678102, 0.24417563365186545, 2.7721022224503216, 1.794225978629879, 0.8075738393756748, 3.1958846755714396, 3.183336697146746, 1.540696167224513, 2.29453484426313, 2.45790217444736, 2.2993846264230773, 2.1956583934496354, 2.7365764243703703, 2.7892865105622575, 2.7000827113820773, 1.3070478990493113, 2.7425591687199167, 2.905719761126873, 1.4206938272181446, 1.2170163386123156, 1.174982468700545, 1.9027971968858213, 2.6429357370926407, 3.1098712456288156, 3.2785529325824325, 3.049690467115122, 2.2909146499249515, 1.427362943747135, 2.2322367178034828, 2.45871157888382, 2.4762450732176147, 3.0244429241263275, 2.9054429418348517, 3.3155266047867054, 2.3266783544712224, 2.200783317025842, 2.2081478946310416, 2.708355907310295, 2.4364206394590857, 2.9972994599408334, 2.7360547533116955, 0.5326520346412404, 2.092038689661482, 1.0542813883651725, 1.486364865487288, 2.7541660167777002, 3.065466698148574, -0.0, -0.0, 2.4000228969609827, 2.756187532756358, 3.235366593129295, 0.6846789580219892, 0.19590927087360493, 1.8605958385156096, 2.850118222261231, 0.19590927087360493, -0.0, 1.640873613888807, 1.651015627579439, 0.7589508044495057, 0.49091131491149087, 1.0129062400460975, 0.42075516111623723, 0.3388087378358059, 3.3031783690076364, 2.228975749352947, 2.1411021403531887, 0.11327430349709672, -0.0, 1.9615181551486085, 1.1469506565364416, 1.3684369225159776, 1.587868565788337, 2.586879822824851, 0.22621230117663524, 1.686914952950127, 2.393555879508302, 2.0568881759563573, 1.109522040894018, 0.6024498278633841, 1.4361800532171867, 1.7471627464137947, 0.30850570753277556, 2.164395865011919, 0.7533050945823045, 0.42075516111623723, 1.7741498812570058, 2.760813395215893, 2.3568582921399748, 3.058083123090378, 2.4672709775176145, 1.3817161152832544, 2.5804596363434107, 1.5321214990038627, 1.297509510353863, 2.1908887189090467, 2.2655833228877333, 2.3221793455166666, 0.9567657083663144, 0.9182958340544896, -0.0, -0.0, -0.0, -0.0, -0.0, 2.879655873626682, 1.6393328243621585, 0.5987216622099321, 1.2284450656397738, 0.7943318578912247, 2.813705115390003, 0.5326520346412404, 2.811535004991704, 2.9392346399752625, 2.370436798583361, 2.4336339831010276, 2.105109108781611, -0.0, -0.0, 1.7871718068381992, 3.27622357160084, 3.1039427622211293, 2.9803438671304257, 2.625297457423905, 2.3208020839342964, 1.580000754875826, 1.4832261969709113, 1.4911148500551858, 1.4911148500551858, 1.971747257128181, -0.0, 2.1950849518197795, 2.1716471811466906, 1.6758220575766962, 2.7841837197791888, 3.202819531114783, 2.9080938357417407, 3.075922835185252, 2.781037250011219, 2.668158331681724, 2.7066237104352004, 2.015556612855904, 1.919406529136685, 1.5526588966943282, 3.087690487597777, 1.8480640314195684, 2.065536091612616, 0.229004194866997, 2.4007513666043145, 2.401051656288433, 2.7708856522832788, 1.9856866513832467, 2.7211150902429484, 2.8848920582231186, 1.5443734285003439, 0.8851962461631789, 0.229004194866997, 1.4343214070629553, 1.492136952431086, 0.8241625730962845, 3.087067728572155, 1.2504814818755474, 1.6095555749805246, 1.328134852306408, 2.922407436705393, 0.11467550533614673, 0.3122113323517427, 1.5422369328595913, 2.541522822291903, 2.263500953269848, 1.4156867027374591, 0.11911602665564835, 0.9353028851500502, 0.4023829390456117, 0.2409678308030726, 0.7473944462440387, 0.4637773498877516, 0.2409678308030726, 0.7619882811604883, 1.5342396646861438, 0.8331761732195719, 2.080768049444238, 1.0804339216442251, 1.4719999813375473, 0.531340014180167, 1.8462159875466015, 2.473944002631618, 0.944387195013346, 0.8246578332945033, 1.8832475643482132, 2.6324016893919184, 1.1193820730450537, 1.1772830170306363, 1.4036890216647429, 2.100240488331141, 2.343200871962393, 0.34117437023349834, 1.7439607366516514, 1.6337496125217166, 0.5470757224073376, 0.21639693245126462, 1.8323032244661999, 1.686975119296275, 2.496834596591861, 1.8049812420428826, 2.7675190157196825, 2.5065773587879443, 0.42350981076100436, 2.3202586019886597, 2.9513406454664532, 2.204591666696122, 3.08472855953151, 2.5895183026895365, 1.2005755406680525, 1.664870794223701, 1.4706963679380634, 2.281555804423489, 2.570163662605533, 2.266546384911743, 1.3426658772482818, 1.017123116669486, 2.6013770319978047, 1.9865170520978728, 0.73370784814539, -0.0, 2.5710032526032647, 0.8822276729541412, 2.0427929608340425, 2.047250260432335, 0.6414001558376977, 1.8594832887591544, 2.4076509579853314, 2.4782873940301458, 0.8765737645923457, 1.71124108315505, -0.0, 1.9763011830006119, 1.6425082332289334, 1.9391016822552423, 1.7705228463814493, 0.8881502546319472, 0.6721693866069286, 1.8576578245649256, 2.072075192905814, 2.613512936288368, 1.7397319086936363, 1.8110154283878634, 1.0307531684242015, 0.9211403654615382, 1.0073711323537424, 0.6095858528051914, 2.2316038350633454, 1.5435865459262206, 0.229004194866997, 2.5350733304727195, 1.647178756024488, 1.6135147202103641, -0.0, -0.0, 1.6729048648609153, 0.6635668264074197, 2.9654602773154815, 1.0980008902804146, 1.8406997429633354, 1.0954977008169697, 1.438979759498384, 1.4281567613079487, 2.1438703441104052, 1.0517592115488161, 1.8781561428521916, 1.6982804895077017, 1.7478096083520893, 1.699188478110166, 1.5833649181411027, 1.9956620006890264, 1.2779365133645801, 3.199466166167937, 2.165233308713272, 2.9992050719345724, 1.4591995389113328, 0.9182958340544896, -0.0, -0.0, 1.6459382160062934, 1.1020136983588074, 2.2208749933332808, 0.229004194866997, 2.16919863641983, 2.0652513890278543, 2.3823772052138104, 2.028651146273617, 0.229004194866997, 2.8246219517216775, 3.3587430623669103, 1.628695806464313, 2.8207067482741914, 2.3977332975317274, 2.9231202090498507, 1.6279279481755606, 0.845833492914758, 2.8981422367674528, 3.2927061719160697, 1.509368199067491, 2.112012812159084, -0.0, 2.1945786507246132, 2.813731661105565, 1.032005265470545, 3.6498601298197686, 1.7020464030581224, 1.3641092977938594, 2.12170285891855, 1.1961742054428672, 1.0213574125846243, 0.11467550533614673, 1.4383031967520896, 0.11467550533614673, 0.6915353629232686, 0.11467550533614673, 1.2355601206502358, 0.11467550533614673, 2.7026390144179118, 1.271629583105371, 0.11467550533614673, 0.11467550533614673, 1.4818541309540645, 2.0441429154203754, 0.11467550533614673, 2.175766031179611, 3.0800391465916923, 1.1205176955501295, 1.4487695721438762, 2.5890464894149456, 2.4804929019287916, 1.5400894973607078, 1.0200625369521579, 1.9322444807695565, 3.2086769163689697, 3.089368588009709, 2.747128276871915, 3.414441303694973, 2.7333428503251582, 3.2865047857446066, 3.2617484550265443, 2.192005835492107, 1.9219280948873623, 2.0, -0.0, 2.2256051990169436, 2.9317405143755586, 3.070351882140274, 1.0076043822907659, 0.845804533823115, 2.7088535825551734, 1.3425799112619268, -0.0, 0.6860084270341613, 2.162216037327153, -0.0, 1.5613988829143783, 0.229004194866997, 1.5909535824236656, 0.5801954953637369, -0.0, 2.012277253497425, 1.093039283001171, 1.4186838208231365, 1.0238549989517916, 0.9076961653608384, -0.0, 1.8231639872621583, 2.3960224627447806, 1.4218049217001627, 1.4962116614058842, 1.863638490819716, -0.0, 2.140337304739181, 1.8632468508575943, 1.1810261374476796, 1.9412896176803003, 1.7895711112495107, 2.216074764027722, 2.198828883786799, 2.327720599542471, 3.0045511234671194, 1.3882690132922055, 0.3122113323517427, 2.1906962741675065, 1.8446110436821623, 2.183276766504188, 1.8081573285181993, 2.605736365420184, 3.049340782942886, 3.0879574798493064, 1.9458106666325101, -0.0, 