{"taxa": 55, "sites": 714, "patterns": 560, "gaps": 0.2072, "invariant": 0.32492997198879553, "entropy": 0.5751581934486673, "column_entropies": [1.4513341775402915, 0.4531837316805838, 0.6075575039285437, -0.0, -0.0, -0.0, -0.0, -0.0, 1.0772800400074183, -0.0, -0.0, -0.0, -0.0, 0.7866214516687349, 0.7111537191609086, -0.0, 0.5185697317883058, 0.31790121541508787, 0.6409441847875287, 0.31790121541508787, 1.0476649152779747, 1.1562892418393014, 0.15649106290570153, 0.9878458339038622, 0.31221953325757146, 0.5928251064639408, 1.1302609003000592, 0.9252347543092379, 1.1562892418393014, 0.42171270524317384, 0.5107878229540133, 1.0894363210182678, 1.0333003793584077, 0.31221953325757146, 0.5746356978376794, 0.5758606232851498, 0.5304060778306042, 1.7038412360168458, 0.7453124024814735, 1.4582464065806109, 0.3591016256485496, -0.0, 1.6447782520808532, 0.3238144752669867, 0.15649106290570153, 0.26676498780302604, 0.6321302781219706, -0.0, 0.46716725069771936, 0.4217127052431739, 0.5107878229540133, -0.0, 0.8575718907163081, 0.42171270524317384, 0.31221953325757146, 0.9735200604764283, -0.0, -0.0, -0.0, -0.0, -0.0, 0.4394969869215134, -0.0, 0.15649106290570153, 0.31221953325757146, 0.6998578570269279, 0.6998578570269279, 0.8514821975402258, 0.9252347543092379, 0.31221953325757146, -0.0, 0.42171270524317384, 0.15649106290570153, 1.8344002996105382, 0.4217127052431739, 0.26676498780302604, 2.419694325849095, 1.5356446853440233, -0.0, 1.0683112379159179, 0.15649106290570153, -0.0, 0.31221953325757146, -0.0, -0.0, -0.0, -0.0, -0.0, -0.0, 0.6321302781219706, -0.0, -0.0, -0.0, -0.0, -0.0, -0.0, 0.5746356978376794, -0.0, -0.0, -0.0, -0.0, 0.932695481194637, 0.5107878229540133, 0.9624127354629923, 0.15649106290570153, 0.9912580815771379, 0.9912580815771379, 1.089436321018268, 1.8750772856456805, 1.6964487585269374, 1.4714457010294346, -0.0, 0.37764632137370024, 0.16866093149667025, -0.0, -0.0, -0.0, 0.38431154412649704, 0.44483869947524834, 0.8148994594848438, 1.7231140052414529, 0.6665776632329529, -0.0, -0.0, 0.26676498780302604, -0.0, -0.0, 0.5758606232851498, 0.699857857026928, -0.0, 0.5132495436905254, 1.6035241742349036, -0.0, 0.3591016256485496, -0.0, 0.8148994594848438, 1.656202779407429, 0.46716725069771936, 1.1059258442502466, 0.42171270524317384, 0.3591016256485496, 0.7888711179456015, 1.6099108628230572, -0.0, -0.0, 0.15649106290570153, -0.0, 2.415181889936554, 2.038913966343324, 1.7489992230622806, 1.1216407621868583, 1.9210092442802296, 1.1303296439314212, 1.4314413896282892, 1.6099108628230572, 2.620469081296208, 0.26676498780302604, 0.9865446300055644, 2.052904296177618, 0.31221953325757146, 0.5107878229540133, 1.729967874447113, 1.1803454119273589, 0.9706892997637834, 1.4976782321031474, 1.3009376049438532, 2.548817612424681, 1.138763195115162, 1.7808838556401387, 0.5758606232851498, 0.9423912884493167, 1.5652936884983382, -0.0, 0.7732266742876346, 0.8514821975402258, 0.44483869947524834, 1.6653418275568057, 2.4347369304098203, 1.3472680580984369, 1.4483480074043917, 0.42171270524317384, 0.6632751189715459, 0.15649106290570153, 0.5928251064639408, 0.15649106290570153, 0.5746356978376794, 1.1361073487075375, 2.1570914161644232, -0.0, 0.26676498780302604, -0.0, 0.8514821975402258, 1.5493878688802225, 1.16318887778728, 2.4074651231096102, 0.5107878229540133, 1.8538265035258417, 0.5132495436905254, 1.4520194971141314, 1.3009376049438535, -0.0, 0.8453509366224364, 0.8148994594848438, -0.0, -0.0, 2.2783728810870985, 0.6631968402398287, 0.574828144380386, 1.1991018361613466, 0.21639693245126462, 1.8286225027877085, -0.0, -0.0, 2.659753203339488, 2.6259445829482426, 1.8843755719415616, -0.0, 1.3045499912328389, 0.15649106290570153, -0.0, 0.9396091742262356, 1.0277422788234387, 0.15649106290570153, 0.9940302114769565, 0.15649106290570153, 2.193133071263267, 1.2189003214339258, 2.6044936501294003, 1.5586057922540462, -0.0, 2.851651518147629, 0.7262600383509772, -0.0, 1.6957356453044574, 0.8514821975402258, 0.31221953325757146, 0.4217127052431739, -0.0, -0.0, 0.7828683344026046, -0.0, 0.7694449140302984, 0.15649106290570153, 0.15649106290570153, 0.15649106290570153, -0.0, 0.8148994594848438, -0.0, 1.1302609003000592, -0.0, 0.5132495436905254, -0.0, 0.15649106290570153, -0.0, -0.0, -0.0, -0.0, -0.0, 0.3591016256485496, -0.0, 0.15649106290570153, -0.0, 1.5457470486326992, 1.0683112379159179, 0.5132495436905254, 1.5199958310453305, -0.0, 0.9813706959690982, 1.0894363210182678, 0.46716725069771936, 1.508414615717217, -0.0, 1.3292356162583199, -0.0, 1.9435501268206852, 1.8919748130005198, -0.0, -0.0, -0.0, -0.0, -0.0, -0.0, 1.2700004112701018, 1.45106849756944, 0.8769980946316113, 0.15649106290570153, 0.15649106290570153, 0.26676498780302604, 0.26676498780302604, 0.6840384356390417, -0.0, 0.26676498780302604, -0.0, 0.15649106290570153, 0.8626236747146135, 2.5736407780269506, 0.77361041379594, 2.9466736669330285, 1.6442711016724576, 0.9940302114769565, -0.0, 2.7425725307660715, -0.0, -0.0, -0.0, -0.0, 0.5746356978376794, -0.0, -0.0, 0.15649106290570153, -0.0, 0.6321302781219706, 0.6321302781219706, 0.5304060778306042, 1.1065928551583468, 0.8872409357400914, 0.6665776632329529, 0.730926377590601, 0.9336464807393283, 0.8112781244591328, -0.0, -0.0, 1.7231140052414529, -0.0, 1.1333824939015131, 0.9940302114769565, 1.2189003214339258, 1.4251185503571397, 0.8514821975402258, 1.3463921503983989, 1.081585685525598, -0.0, 1.563176954925253, 1.9035013295243792, 1.769423998164298, 1.6523103093311977, 1.0, -0.0, 1.9946975971400704, 1.9113472363204824, -0.0, 2.1237843648555232, 0.26676498780302604, 0.6211231177784075, 0.5746356978376794, 0.4671672506977193, 0.8453509366224364, 1.0852269382093664, 0.5132495436905254, -0.0, -0.0, 0.7888711179456015, 1.0700101171029646, 0.5928251064639408, 2.060085559695802, 1.5652936884983384, 0.15649106290570153, -0.0, 1.7980549137447308, -0.0, -0.0, 0.6837341973730316, 0.6321302781219706, 0.7888711179456015, -0.0, -0.0, 0.5928251064639408, 0.7888711179456015, 0.6840384356390417, 0.31221953325757146, 0.6632751189715459, 0.7828683344026046, 0.5928251064639408, 2.3431362842737786, 0.8514821975402258, 0.8756633923230397, 2.1892009292564523, 1.740423974072228, 0.15649106290570153, 1.4323923891729802, 0.15649106290570153, 0.6321302781219706, 0.5132495436905254, 1.1303296439314212, -0.0, 1.075972810589872, 2.5801805528631925, 2.2741535741881505, 0.31221953325757146, 2.492883874923561, 3.015393180901518, 0.31221953325757146, 1.1520474006128922, 0.7746432882821226, -0.0, -0.0, 1.0, 1.5705730449091742, 0.15649106290570153, 1.3859868441737435, -0.0, -0.0, 1.168536923844871, 0.9336464807393283, 1.2155755176073115, 0.4217127052431739, 1.5957952550009338, 1.6957356453044574, 1.969007886908972, 0.15649106290570153, 1.9586714592550956, 0.15649106290570153, 0.31221953325757146, 1.0205126594534393, 0.9827557867620351, 0.5304060778306042, -0.0, 2.2290005848323515, 1.3003444494745013, 2.0752252025932076, 1.4925627860236008, 1.074650441242476, 0.4291223408533888, 0.7576653470678854, 0.15935006268563445, -0.0, 0.15935006268563445, -0.0, -0.0, -0.0, 0.6314709637016394, 0.15935006268563445, -0.0, -0.0, 0.8905745082509174, 0.6075575039285437, -0.0, 0.37764632137370024, 0.37764632137370024, 0.7349933316162831, -0.0, 1.0838960670329025, -0.0, -0.0, -0.0, -0.0, -0.0, -0.0, -0.0, -0.0, 0.1485494904303482, 0.1485494904303482, -0.0, -0.0, 0.25387844029816153, 0.29643163178752324, -0.0, 0.1485494904303482, -0.0, -0.0, -0.0, -0.0, 0.1485494904303482, -0.0, 0.8943572349692744, 0.1485494904303482, -0.0, -0.0, 1.504670522137754, -0.0, 0.1485494904303482, -0.0, 0.419921097375718, -0.0, -0.0, 0.1485494904303482, 0.1485494904303482, 0.6347543993612246, -0.0, -0.0, 0.1485494904303482, -0.0, 0.44363159167676336, 1.9542678245907157, -0.0, -0.0, 1.2260651796696527, 0.1485494904303482, -0.0, 1.4461260847995656, 0.1485494904303482, 0.29643163178752324, -0.0, -0.0, -0.0, -0.0, -0.0, -0.0, 0.3424637724817959, -0.0, 0.1485494904303482, -0.0, 0.1485494904303482, -0.0, 0.1485494904303482, 