{"taxa": 73, "sites": 230, "patterns": 226, "gaps": 0.0105, "invariant": 0.05652173913043478, "entropy": 1.9250009033264979, "column_entropies": [2.5923866402750377, 3.0521796970665482, 3.350498223488602, 2.4982435118470545, 3.289745695497128, 3.370845515218156, 3.0597046510405, 3.1788405381490104, 3.528436558947844, 2.3435794213678425, 1.108627282879658, 2.719868998676442, 2.634174075616991, 2.861043842419446, 1.8266883283629611, 2.8171805148878026, 3.0566083634270393, 0.5456884388695526, 2.6534510646872747, 0.229004194866997, 1.973603406974037, 2.3162027988981597, 0.3363969571159562, 1.894910296950198, 0.10441907800540785, 1.7653777177085783, 0.20856366182751823, 1.5221390307898839, 3.235349808910265, 2.174254664070055, 2.870415436784545, 1.2512247613517617, 2.5236483632830025, 1.1335611346516423, 3.038815756538727, 1.4014142500733509, 2.188027444180108, 1.1718213840641827, 0.90107921388246, 1.6789520596944518, 2.6743042894766504, -0.0, 1.0763347972955926, -0.0, 2.071744849591297, 2.9883519855960303, -0.0, 1.6107327763984522, -0.0, 0.5297853361014662, 0.40972218620846823, 0.8566256180216856, 1.4572971354837114, 2.4933298509758735, 3.7338125574318823, 0.10441907800540785, 0.7051819722888516, 2.3894531119209677, 2.8740873689580604, 0.10441907800540785, 2.970512960321743, 2.2013539600088072, 2.5551384667021915, 2.8153993065081475, 2.7521697594455126, 2.4265448641063974, 0.8862605692363699, 1.618336929783213, 1.3202829405003427, 2.326442204248309, 3.081170740834641, 0.644694043811662, 2.601894702055415, 3.4885604134301103, 0.9529037251646438, 3.0305373507496842, 3.176078677367888, 3.404923131765238, 0.20856366182751823, 1.1853260649936612, 0.18116640155354563, 0.8491586129453134, 0.10441907800540785, 0.856471735046552, 2.4188810024470278, 0.5582438424244998, 1.4175839343421526, 2.2065650457063, 2.4544872098795016, 1.9552792764314375, 0.18116640155354563, 2.51234515505042, 3.211144056743185, 3.3949174124561066, 2.7286480869518788, 2.9299442930004984, 3.4468976242485114, 3.3275668173939437, 1.8697141137599231, 1.6466787002217276, 1.8570543844912502, 0.9966132830150962, 2.5332958203132834, -0.0, 1.2576522308976918, 2.5502963806735375, 1.9572324645325208, 1.5976169030645695, -0.0, 0.46451670675641343, 2.603483850153264, 1.4658589441783887, 2.0923944516064297, 0.24729443986205676, 2.8008571849759094, 3.1345417719073834, 0.9971414544114467, 1.9874908358678627, 3.1223952400589523, 3.384564239395931, 1.869451721166129, 2.102178588021795, 1.3321855087032914, 2.840206959174448, 2.539110507369974, 2.110807527837389, 0.31242988509717273, 1.931111878289631, 1.4760940417879622, 1.1270877904985164, 2.312405725035348, 3.040432102223442, 2.4388211016865897, 3.430398103768201, 3.2682149657259005, -0.0, 0.9086642955843112, 0.20856366182751823, -0.0, -0.0, 0.7537519878254262, 1.932181252365732, 1.4929752361614383, 0.10441907800540785, 0.20856366182751823, 1.5680016442434994, 0.3508783257312894, 0.9868568119976959, 0.28503262482320013, 1.6972066118540112, 2.796544807171551, 0.24729443986205676, 1.927701544941081, -0.0, 2.7860307896749226, 1.960446342457503, 1.2839920250727037, 3.2340403324037355, 3.30215840615939, 2.661487107715969, 3.066516893850513, 3.3014142463955585, 3.036292576974031, 3.615861405521902, 2.868088062031643, 2.059718151231155, 0.49191396703038603, 0.30642472987051494, 0.10441907800540785, -0.0, 0.10441907800540785, 2.2590841866438303, 1.9869576659020494, 1.7302822709382926, 3.171900913477719, 3.0174342155680907, 3.330222925319354, 2.897333362656489, 3.1698031148495676, 3.1794848427855165, 3.3152278138097144, 2.4559018269737636, 2.183365410321041, 2.080377017220499, 0.28503262482320013, 2.590893098579204, 1.5233425647723613, 2.058561951632379, 2.632160135810662, 2.1612728882724324, -0.0, 0.8058049113482652, 2.5356867579255495, 1.5197006029237734, 2.6568623154128175, 2.842654962834892, 3.4920676827956685, 3.3941080877910883, 2.9869467944638073, 2.000722863018477, 2.1225205400079057, 0.18116640155354563, 0.10441907800540785, 0.10441907800540785, 1.7735350736528348, 2.956505562241867, 2.474840965853641, 2.724958117081888, 3.1862873549484028, 2.81014804790854, 2.33929755948401, 3.5574774861315412, 3.4460318431028862, 1.7739544061480539, 1.3907657764965982, 2.4416671432613715, 2.8110161487808676, 1.6992049072450364, 1.9790650401384335, -0.0, 1.8786870183086024, 3.642883853858376, 2.0390342531846395, 0.10441907800540785, 1.6976225316863083, 2.6544194324294326, 3.6353383008542437, 2.9913693845433604, 3.297912279964889, 3.4500030760413165], "bollback": -1244.689815464091, "treelikeness": 0.25213310372316167}