{"taxa": 100, "sites": 567, "patterns": 401, "gaps": 0.4818, "invariant": 0.37742504409171074, "entropy": 1.133787190395221, "column_entropies": [-0.0, -0.0, -0.0, -0.0, -0.0, -0.0, -0.0, -0.0, -0.0, -0.0, -0.0, -0.0, -0.0, -0.0, 1.0, 1.0, 1.0, -0.0, 1.0, 1.0, -0.0, 1.584962500721156, 1.584962500721156, 0.9182958340544896, 1.584962500721156, 1.7924812503605778, 0.4533593350214214, 2.743379151942742, 2.4186931544539925, 2.3734637068091615, 3.1170656896162696, 1.7526565564297343, 2.585718054565253, 2.753047882619426, 2.3860070143202265, -0.0, -0.0, 1.584962500721156, 0.9182958340544896, 2.2755492473358205, 0.7235956344537224, 0.08970338978684994, 1.8625837592719994, 1.1296136682147435, 0.31221953325757146, 1.6404491898023261, 1.5903858194485894, 0.7023191067298467, -0.0, 2.261405766590119, 0.4057023833821659, 1.3138582991053231, -0.0, 0.7995437726687127, 1.952732659104337, 0.08079313589591118, 1.3634980839539974, 2.605083132017924, 3.115002525499485, 0.08079313589591118, 0.08079313589591118, 2.6787231777085148, 0.9697196257092857, 1.3132082259380036, 3.1131265722349277, 2.811510689229982, 2.9237623892595863, 0.24194073285321088, 0.8976338568998314, 1.857312890372611, 1.6412653152661183, 2.765019347710906, 1.9948403459727726, 1.148432471944662, 1.029926836691873, 2.6502392319079577, 2.435987096737857, 0.16144054254182066, 1.8082749080354192, 1.921517622074358, 1.929701325543333, 0.585666662449543, 0.6098403047164004, 2.4228807855477394, 2.3703733624522694, 1.5426432926661056, 1.4318511717297362, 2.350273397591213, 1.3910495172858244, 2.0094024219332027, 3.3019509466309325, 2.6917056888227986, 1.7276477680489217, 2.825015082539421, 1.0709366947869854, 2.8557247985913805, 1.5314309449889691, 2.477352696717643, 1.3127057858076905, 0.6204534362146306, 0.727363555885167, -0.0, 1.516734326262912, 1.1130429699823248, 1.1985268566436964, 0.9204680459013573, 0.8529198997663898, 1.2329532448290665, 1.4470502773710474, -0.0, 0.08079313589591118, -0.0, 1.9243382942431246, 0.6995563653739031, 0.9997114417528099, 0.14144054254182067, 0.9233729864558906, 2.008975049799367, 1.2262725770054779, 1.8002812108514026, 0.8109464733646964, 2.234583681274879, 2.268841106359627, 0.32744491915447627, 0.9340449344621781, 1.2587029753373322, 0.08079313589591118, 0.22194073285321086, 1.138789036555131, 0.9685806015045625, 1.1630271252083522, 0.24229218908241482, -0.0, 0.7509464733646963, 1.6197762403205478, 2.0355863768070193, 0.6482606267258946, 1.9013664071401597, 1.6177436968907206, 1.6336311800348864, 2.004750642128604, 2.0527205255007996, 0.9988249010279786, 1.921403123731291, -0.0, 2.067604128362542, 1.9549377408270703, 2.237648560883177, 1.641311824187667, 2.3863143612669595, 1.5933283618758864, 2.0094768760832467, 3.4248575840067756, 2.447644665538056, 0.5985417780131134, 0.9182958340544896, 2.3001548613804266, -0.0, 0.9182958340544896, 2.868846647564317, 3.1739158300885477, 2.571498491748391, 3.170263632089947, 3.3147503257571347, 2.4723650550947567, 2.8916887835121874, 0.9182958340544896, 1.0680169209229922, 1.8519019020256149, 2.056917901563434, 3.330482350666764, 2.0624665349005484, 1.082239864562246, 2.2302183342931623, 2.558994783720752, 1.9426824097668811, 1.679729533689006, 1.8156760488686534, 2.3177694573216163, 1.1282350533531118, 1.8146581848658738, 1.6130587734194952, 1.984025896442561, 0.08079313589591118, 1.0678440531800342, 2.568259438590486, 1.6634215200865505, 0.08079313589591118, 0.4025426691977456, 2.601524410244358, 1.9049555279775303, 1.3759856428484105, 2.8462049650549166, 2.5784063535616424, 2.989548255110565, 1.6377353867706774, 3.390411024038668, 2.4153335613178397, 0.8769382336634051, 3.2124821393228538, 1.7421973898283947, 2.728144807042813, 2.2368716130676582, 2.153222091646329, 2.4185456528956495, 1.9338550957153844, 1.91832850561633, 2.690986738750258, 2.329084696458945, 1.377291925274368, 2.5715742163919275, 2.5999801478992426, 1.838105196783732, 0.7167310226808179, 2.4193341104085473, 2.3627260398603873, 2.0127566940158794, 1.5138319465031544, 2.4518863921783143, 2.15379700203679, 1.9689306840475271, 2.1617418630580407, 2.406256612349193, 3.0706938160032116, 1.8431612568460638, 2.3655952974408563, 1.584962500721156, 2.6899673704792413, 2.5582515790719857, -0.0, -0.0, -0.0, -0.0, -0.0, 2.24566089905833, 3.119841946376698, 3.0152098495102764, 2.3178164425052548, 2.186775452451758, 3.573504103604911, 2.6712890939431233, 1.8365665023244753, 0.6316136536755929, 2.341910444115848, 1.9312562121578087, 2.115599460550201, 1.9589229845409006, 2.0560742028635484, 0.9997114417528099, 1.0480180941158632, 2.119163424139941, 2.593780917408834, 2.047850009449428, 1.5303705037929642, 2.881335501783865, 2.0814038498401315, 0.38744491915447626, 1.6002332674237632, 3.1105420270610318, 2.415251340864958, 1.7126571234256889, 1.8839024362638133, 2.075525428160498, 2.4398107423248834, 2.2485709895483965, 1.8862970187260317, 2.9140562120699847, 3.629409551792417, 2.8790993446054847, 1.7737256254678189, 1.8459288647818393, 2.555020789700581, 1.4454957603672178, 2.0504601609701756, 2.0857310644406457, 2.316090620636204, -0.0, 2.127369316949167, 0.30724706801624996, -0.0, 1.38573290496086, 1.359021889549955, 0.16551817423413756, 1.7113807734284738, 0.7414756320962284, 0.7636662136083026, 0.8835901252367201, 1.5948320548201018, 2.315747835894534, 1.6602599557337345, 1.010864959780852, -0.0, -0.0, 2.449421028479531, 1.7693797324814167, 0.5608251769947301, 1.6621549647380451, 1.709228573240137, 1.1180376041936755, 2.6379308428957358, 1.6688844157127682, 3.117484088535737, 2.847525530432706, 1.9238607020709537, 1.4830112916180576, 1.9374108411417463, 0.5902008711492306, 1.8998333156867035, -0.0, -0.0, -0.0, -0.0, -0.0, -0.0, -0.0, -0.0, -0.0, -0.0, -0.0, -0.0, -0.0, -0.0, -0.0, -0.0, -0.0, -0.0, -0.0, -0.0, -0.0, -0.0, -0.0, -0.0, -0.0, -0.0, -0.0, -0.0, -0.0, -0.0, -0.0, -0.0, -0.0, -0.0, -0.0, -0.0, -0.0, -0.0, -0.0, -0.0, -0.0, -0.0, -0.0, -0.0, -0.0, -0.0, -0.0, -0.0, -0.0, -0.0, -0.0, 0.9982232745023256, 1.8641857108283837, 0.1655181742341376, 1.6257116900572044, 1.8117461706553961, 2.4957429690503594, 0.3919984096382083, 1.5373608530613638, 2.7964771541408666, 2.0697106717425306, 1.444696768871244, 2.164346216056296, 2.54138802631271, 1.6856577759987328, -0.0, -0.0, -0.0, -0.0, -0.0, -0.0, -0.0, -0.0, -0.0, -0.0, -0.0, -0.0, -0.0, -0.0, -0.0, -0.0, -0.0, -0.0, -0.0, -0.0, -0.0, -0.0, -0.0, -0.0, -0.0, -0.0, -0.0, -0.0, -0.0, -0.0, -0.0, -0.0, -0.0, -0.0, -0.0, -0.0, -0.0, -0.0, -0.0, -0.0, -0.0, -0.0, -0.0, -0.0, -0.0, -0.0, -0.0, -0.0, -0.0, -0.0, -0.0, -0.0, -0.0, -0.0, -0.0, -0.0, -0.0, -0.0, -0.0, -0.0, -0.0, -0.0, -0.0, -0.0, -0.0, -0.0, -0.0, -0.0, -0.0, -0.0, -0.0, -0.0, -0.0, -0.0, -0.0, -0.0, -0.0, -0.0, -0.0, -0.0, -0.0, -0.0, -0.0, -0.0, -0.0, -0.0, -0.0, -0.0, -0.0, -0.0, -0.0, -0.0, -0.0, -0.0, -0.0, -0.0, -0.0, -0.0, -0.0, -0.0, 2.141534623521085, 1.0, 3.1619693898193946, 1.5, 2.0, 1.5, 1.5, 2.0, 2.698153752067302, 2.7637502943879175, 2.858404960232913, 1.6861264766175188, -0.0, -0.0, 1.0, 1.9219280948873623, 1.9219280948873623, 2.521640636343318, 2.75, 2.6613152774012363, 2.972609960173241, 3.4141480237132846, 3.8551865328441677, 3.5871147462091577, 2.8427045669491546, 2.75, 2.4056390622295662, 3.448777305193698, 3.211904858368146, 3.3901530688793335, 3.6021401917893203, 3.556224964286713, 3.5168446079175273, 3.6320240652434297, 3.4764254779152353, 3.4983471493992453, 3.0614821867207764, 2.4477979600193267, 2.625814583693911, 2.4182958340544896, 2.663532754804255, 2.5, 1.9056390622295665, 2.1556390622295662, 1.9219280948873623, 0.9182958340544896, 1.0, 1.0, 1.0, 1.0, 1.0, 1.0, 1.0, 1.0, -0.0, -0.0, 1.0, 1.0, -0.0, 1.0, 1.0, 1.0, 1.0, -0.0, 1.0, 1.0, 1.0, 1.0, 1.0, 1.0, 1.0, 1.0, -0.0, -0.0, -0.0, -0.0, -0.0, -0.0, -0.0, -0.0, -0.0, -0.0, -0.0, -0.0, -0.0, -0.0, -0.0, -0.0, -0.0, -0.0, -0.0, -0.0, -0.0, -0.0], "bollback": -3148.4030654469925, "treelikeness": 0.27042906817393086}