{"taxa": 220, "sites": 1117, "patterns": 445, "gaps": 0.011399999999999999, "invariant": 0.612354521038496, "entropy": 0.12978145478591405, "column_entropies": [-0.0, -0.0, -0.0, 0.0574590202894357, 0.0574590202894357, 0.11485434496175385, -0.0, -0.0, -0.0, -0.0, -0.0, -0.0, -0.0, -0.0, -0.0, 0.04639138357369902, 0.046192440129626075, 0.04599532480368182, -0.0, -0.0, 0.07949044238393407, 0.04411928310443161, -0.0, 0.0437636231174992, 0.043588095738005976, 0.04341407633805841, 0.7709046536925235, -0.0, -0.0, 1.0317318765649985, -0.0, -0.0, -0.0, 0.0429008690735602, -0.0, 0.6240145045664488, -0.0, -0.0, 0.9931071495110946, -0.0, -0.0, 1.447318759767353, -0.0, -0.0, -0.0, -0.0, 0.042400539046741015, -0.0, 0.042400539046741015, 0.13255054531036164, -0.0, -0.0, -0.0, 0.8119013942729134, -0.0, -0.0, 0.5169925442968197, -0.0, -0.0, -0.0, -0.0, -0.0, 0.5387379148665815, -0.0, -0.0, 0.07498515348038796, 0.042073896124598394, -0.0, 0.08411757357171216, -0.0, -0.0, -0.0, -0.0, -0.0, 0.5123236069588406, -0.0, -0.0, 0.5387379148665815, -0.0, -0.0, 0.042073896124598394, 0.042073896124598394, -0.0, -0.0, 0.042073896124598394, -0.0, -0.0, 0.042073896124598394, -0.0, 0.17353621444206185, -0.0, -0.0, 0.49867513632043436, -0.0, -0.0, -0.0, -0.0, -0.0, 1.018947644536886, 0.07498515348038796, 0.13110652958234503, 0.10403469105822565, 0.04191259510349149, -0.0, -0.0, -0.0, -0.0, -0.0, 1.0307543641569161, -0.0, 1.059588717063175, 0.5909286045590192, 0.04191259510349149, 0.04191259510349149, -0.0, -0.0, 0.08379524624570522, -0.0, -0.0, 1.0314554649823304, -0.0, -0.0, 0.9793107479204367, -0.0, -0.0, 0.04191259510349149, 0.3760198509692728, -0.0, -0.0, -0.0, -0.0, 0.610128492100834, -0.0, -0.0, 0.04191259510349149, 0.04191259510349149, -0.0, 0.07470433715479614, 0.04191259510349149, -0.0, -0.0, -0.0, -0.0, -0.0, -0.0, -0.0, 0.9709505944546686, -0.0, -0.0, 0.04191259510349149, 0.2146600085708166, -0.0, 0.7889406572966208, -0.0, -0.0, 0.04191259510349149, -0.0, -0.0, -0.0, -0.0, -0.0, 0.08379524624570522, -0.0, -0.0, -0.0, -0.0, -0.0, -0.0, -0.0, -0.0, 0.5782017012661341, -0.0, 0.04191259510349149, 0.7732266742876346, 0.07470433715479614, -0.0, 0.04191259510349149, -0.0, -0.0, 0.07470433715479614, -0.0, -0.0, 0.9735474928091351, -0.0, -0.0, 0.04191259510349149, -0.0, -0.0, 0.08379524624570524, -0.0, -0.0, 0.13110652958234503, -0.0, -0.0, 1.0330358972399842, -0.0, -0.0, 1.4419461086046064, 0.08379524624570524, 0.08379524624570522, 0.9760206482366149, -0.0, -0.0, 1.0144729198007028, -0.0, -0.0, 0.9624127354629923, -0.0, -0.0, 0.5640381352103987, -0.0, -0.0, -0.0, -0.0, -0.0, -0.0, -0.0, -0.0, 0.5371498464739634, -0.0, -0.0, 0.07470433715479614, -0.0, -0.0, 0.5624035543722615, -0.0, -0.0, -0.0, -0.0, -0.0, -0.0, -0.0, -0.0, -0.0, -0.0, -0.0, 0.07470433715479614, -0.0, -0.0, 0.08379524624570522, -0.0, -0.0, -0.0, -0.0, -0.0, -0.0, -0.0, -0.0, 0.5624035543722615, -0.0, -0.0, 0.04191259510349149, -0.0, 0.04191259510349149, 0.20342956096781065, -0.0, -0.0, -0.0, -0.0, -0.0, 0.9994633939890281, -0.0, -0.0, 0.10403469105822565, -0.0, -0.0, 0.9527431707334315, -0.0, -0.0, 0.07470433715479614, -0.0, -0.0, -0.0, -0.0, -0.0, 0.04191259510349149, -0.0, -0.0, 0.08379524624570522, -0.0, -0.0, 0.5499109046334101, -0.0, -0.0, -0.0, -0.0, -0.0, -0.0, -0.0, -0.0, 0.08379524624570522, 0.07470433715479614, -0.0, 1.0553048465958754, 0.04191259510349149, -0.0, -0.0, 0.04191259510349149, -0.0, 0.7887087415355241, -0.0, 0.14585704093614746, -0.0, 0.04191259510349149, 0.04191259510349149, 0.04191259510349149, 0.07470433715479614, -0.0, 0.04191259510349149, -0.0, -0.0, 1.0481553029872295, -0.0, -0.0, 0.9951657426538572, 1.0144729198007028, -0.0, 0.04191259510349149, -0.0, 0.04191259510349149, 0.04191259510349149, -0.0, -0.0, -0.0, -0.0, -0.0, 0.04191259510349149, 0.04191259510349149, 0.04191259510349149, 0.94926580742365, 0.5371498464739634, -0.0, 0.08379524624570522, -0.0, -0.0, 0.04191259510349149, 0.04191259510349149, -0.0, 0.13110652958234503, -0.0, -0.0, 0.9709505944546686, -0.0, -0.0, 0.610128492100834, -0.0, -0.0, 0.07470433715479614, -0.0, -0.0, -0.0, 0.04191259510349149, -0.0, -0.0, -0.0, 0.08379524624570522, 0.8112781244591328, -0.0, -0.0, 0.04191259510349149, -0.0, -0.0, 0.07470433715479614, -0.0, -0.0, 0.11655690697715052, -0.0, -0.0, 0.07470433715479614, -0.0, -0.0, 1.548747253365907, 0.04191259510349149, -0.0, 0.13110652958234503, -0.0, -0.0, -0.0, -0.0, -0.0, -0.0, -0.0, -0.0, 0.04191259510349149, -0.0, -0.0, -0.0, -0.0, -0.0, -0.0, -0.0, -0.0, 0.04191259510349149, -0.0, -0.0, 0.5371498464739634, -0.0, -0.0, 0.04191259510349149, -0.0, -0.0, 0.04191259510349149, -0.0, 0.10403469105822565, 0.23477772893253684, -0.0, -0.0, -0.0, -0.0, -0.0, 0.9648569771842777, -0.0, -0.0, 0.07470433715479614, -0.0, -0.0, 0.04191259510349149, -0.0, -0.0, -0.0, 0.9735474928091351, -0.0, -0.0, 0.8112781244591328, -0.0, -0.0, -0.0, -0.0, 0.6033869206083884, -0.0, -0.0, 1.0656134280638874, 0.07470433715479614, -0.0, 0.2146600085708166, -0.0, -0.0, 0.04191259510349149, -0.0, -0.0, 0.9745674657668881, -0.0, -0.0, 0.04191259510349149, -0.0, 0.08379524624570522, 0.08379524624570522, -0.0, -0.0, 0.04191259510349149, 0.11655690697715052, 0.07470433715479614, -0.0, 0.1982525518688311, 0.04191259510349149, 0.19180105462471025, 0.042073896124598394, 0.04191259510349149, 0.14585704093614746, 0.04191259510349149, -0.0, -0.0, -0.0, -0.0, 0.04191259510349149, -0.0, -0.0, 0.2495282402863393, -0.0, -0.0, 0.5499109046334101, -0.0, -0.0, 0.64335888567201, -0.0, -0.0, 1.1798388894744876, -0.0, 0.042073896124598394, 0.7887087415355241, -0.0, -0.0, 0.07470433715479614, 0.04191259510349149, -0.0, 0.5515229318731327, -0.0, -0.0, 0.04191259510349149, -0.0, -0.0, 0.07498515348038796, -0.0, -0.0, 0.04191259510349149, -0.0, -0.0, 0.5762914612174369, 0.07498515348038796, 0.04223653835283453, 0.04191259510349149, -0.0, -0.0, 0.04191259510349149, 0.042073896124598394, -0.0, -0.0, -0.0, -0.0, -0.0, -0.0, -0.0, 0.07498515348038796, -0.0, -0.0, 0.9394532068181356, -0.0, -0.0, 0.2787001045130959, 0.042073896124598394, -0.0, 0.9720089973112731, -0.0, -0.0, 0.5515229318731327, -0.0, -0.0, -0.0, -0.0, -0.0, 0.995076532106423, -0.0, -0.0, 0.04191259510349149, -0.0, -0.0, 0.3249020142332411, 0.07498515348038796, -0.0, 0.10441907800540785, -0.0, -0.0, 1.0724183804244807, -0.0, -0.0, 0.9970229471810963, -0.0, -0.0, 0.04191259510349149, 0.10403469105822565, -0.0, 0.04191259510349149, -0.0, -0.0, 0.07470433715479614, -0.0, -0.0, 1.008054195033843, -0.0, -0.0, 0.04191259510349149, -0.0, -0.0, 0.18052466764205782, -0.0, -0.0, 0.07470433715479614, -0.0, -0.0, -0.0, -0.0, -0.0, 0.11655690697715052, 0.04191259510349149, -0.0, 0.7971279858878232, -0.0, -0.0, 0.7127435007206562, -0.0, -0.0, 0.04191259510349149, 0.04191259510349149, -0.0, 0.04191259510349149, -0.0, -0.0, 0.11655690697715052, -0.0, -0.0, 0.9860627553711445, -0.0, -0.0, -0.0, -0.0, -0.0, 0.9682294950678525, -0.0, -0.0, 0.04191259510349149, 0.9783704943988363, -0.0, 0.15649106290570153, -0.0, -0.0, 0.04191259510349149, -0.0, -0.0, 0.07470433715479614, -0.0, -0.0, 0.04191259510349149, -0.0, -0.0, 0.04191259510349149, -0.0, -0.0, 0.07470433715479614, 0.04191259510349149, -0.0, 0.7907620267860889, -0.0, -0.0, 0.07470433715479614, -0.0, -0.0, 0.04191259510349149, 0.04191259510349149, 0.04191259510349149, 0.18052466764205782, -0.0, 0.04191259510349149, 0.5371498464739634, -0.0, -0.0, 0.04191259510349149, -0.0, -0.0, 0.04191259510349149, -0.0, 0.04191259510349149, 0.14585704093614746, -0.0, -0.0, 0.9446453880128958, -0.0, -0.0, 0.5371498464739634, 0.07470433715479614, -0.0, -0.0, 0.5499109046334101, -0.0, -0.0, -0.0, -0.0, 0.04191259510349149, -0.0, -0.0, 0.04191259510349149, -0.0, 0.07470433715479614, 0.610128492100834, 0.5746356978376794, -0.0, 0.9706530080905664, -0.0, -0.0, -0.0, 0.04191259510349149, 0.04191259510349149, 0.11655690697715052, 0.04191259510349149, 0.04191259510349149, 0.20779739491478505, 0.04191259510349149, 0.04191259510349149, 0.14585704093614746, 0.04191259510349149, -0.0, -0.0, 