{"taxa": 228, "sites": 1223, "patterns": 653, "gaps": 0.1152, "invariant": 0.5756336876533116, "entropy": 0.06901078792965784, "column_entropies": [-0.0, -0.0, -0.0, -0.0, -0.0, 0.042400539046741015, 0.07526826758743452, -0.0, 0.040819652463459435, -0.0, -0.0, -0.0, -0.0, -0.0, -0.0, -0.0, -0.0, -0.0, 0.47317097737242864, -0.0, -0.0, 0.040819652463459435, -0.0, -0.0, -0.0, -0.0, -0.0, -0.0, 0.040819652463459435, -0.0, -0.0, 0.040819652463459435, -0.0, -0.0, -0.0, -0.0, -0.0, -0.0, -0.0, 0.07280061053393987, -0.0, -0.0, 0.040819652463459435, 0.040819652463459435, -0.0, 0.040819652463459435, 0.11356389459971093, -0.0, -0.0, -0.0, -0.0, 0.040819652463459435, -0.0, -0.0, 0.15267199916686056, -0.0, -0.0, -0.0, 0.040819652463459435, -0.0, -0.0, -0.0, -0.0, -0.0, 0.040819652463459435, 0.1278670878097346, -0.0, 0.040819652463459435, -0.0, 0.07280061053393987, 0.24067400352725526, -0.0, 0.07280061053393987, 0.39969074001837696, 0.10142782630824189, -0.0, 0.41381685030363374, 0.12741851179235877, 0.07253718299881004, 0.6977417170248214, -0.0, -0.0, -0.0, -0.0, -0.0, -0.0, -0.0, -0.0, 0.07253718299881004, -0.0, -0.0, -0.0, -0.0, -0.0, -0.0, -0.0, -0.0, -0.0, -0.0, 0.07253718299881004, 0.07253718299881004, -0.0, -0.0, 0.040668493923348266, -0.0, -0.0, 0.10106696361212415, -0.0, -0.0, 0.07253718299881004, 0.040668493923348266, -0.0, -0.0, -0.0, -0.0, 0.9380045627552973, -0.0, -0.0, 0.040668493923348266, -0.0, -0.0, 0.41381685030363374, -0.0, -0.0, 0.040668493923348266, -0.0, -0.0, -0.0, -0.0, -0.0, 0.040668493923348266, -0.0, -0.0, 0.07253718299881004, -0.0, -0.0, -0.0, 0.040668493923348266, -0.0, 0.040668493923348266, -0.0, -0.0, 0.040668493923348266, -0.0, -0.0, 0.8655151976190412, 0.39969074001837696, -0.0, 0.07253718299881004, 0.15214300470568562, 0.3665780125533459, 0.4434581453896789, 0.07253718299881004, -0.0, 0.2192973081321754, -0.0, -0.0, 0.1278670878097346, 0.040668493923348266, 0.12741851179235877, -0.0, -0.0, 0.08130911282337144, -0.0, -0.0, -0.0, -0.0, -0.0, -0.0, -0.0, -0.0, -0.0, 0.040668493923348266, -0.0, -0.0, 0.040668493923348266, -0.0, -0.0, 0.040668493923348266, -0.0, 0.040668493923348266, 0.17556502585750278, -0.0, -0.0, 0.47177007825277784, 0.040668493923348266, -0.0, -0.0, -0.0, -0.0, 0.6361878329229358, 0.040668493923348266, 0.10106696361212415, -0.0, -0.0, 0.10106696361212415, 0.28028690971583486, -0.0, 0.07253718299881004, 0.15214300470568562, -0.0, -0.0, 0.45777332903419987, -0.0, -0.0, -0.0, -0.0, -0.0, 0.07253718299881004, -0.0, -0.0, 0.10106696361212415, -0.0, -0.0, 0.3984592740952357, -0.0, -0.0, -0.0, -0.0, -0.0, -0.0, -0.0, -0.0, -0.0, -0.0, -0.0, -0.0, -0.0, -0.0, 0.040668493923348266, -0.0, -0.0, -0.0, -0.0, 0.040668493923348266, -0.0, -0.0, -0.0, -0.0, -0.0, -0.0, -0.0, 0.10106696361212415, -0.0, -0.0, -0.0, 0.07253718299881004, -0.0, -0.0, -0.0, 0.12741851179235877, -0.0, -0.0, -0.0, -0.0, -0.0, 0.23987382528036544, -0.0, -0.0, -0.0, -0.0, 0.040668493923348266, -0.0, -0.0, -0.0, -0.0, 0.040668493923348266, -0.0, -0.0, 0.17747271236974826, -0.0, -0.0, -0.0, -0.0, -0.0, 0.040819652463459435, -0.0, -0.0, 0.07253718299881004, 0.040668493923348266, 0.040668493923348266, 0.12741851179235877, 0.040668493923348266, -0.0, 0.07253718299881004, -0.0, -0.0, -0.0, -0.0, -0.0, -0.0, -0.0, 0.12741851179235877, -0.0, -0.0, -0.0, 0.040668493923348266, -0.0, -0.0, -0.0, 0.040668493923348266, 0.040819652463459435, -0.0, -0.0, -0.0, -0.0, 0.11314980353389376, -0.0, -0.0, -0.0, 0.08130911282337144, -0.0, -0.0, -0.0, 0.040668493923348266, -0.0, -0.0, -0.0, 0.30010098614138364, -0.0, -0.0, -0.0, -0.0, -0.0, -0.0, -0.0, -0.0, -0.0, -0.0, -0.0, -0.0, -0.0, -0.0, -0.0, -0.0, 0.1978990050423311, -0.0, -0.0, 0.10106696361212415, -0.0, -0.0, -0.0, -0.0, 0.040668493923348266, -0.0, 0.07253718299881004, -0.0, 0.040668493923348266, 0.10106696361212415, 0.23987382528036544, -0.0, 0.11314980353389376, -0.0, -0.0, 0.040668493923348266, 0.07253718299881004, 0.040668493923348266, 0.040668493923348266, -0.0, 0.040668493923348266, 0.040668493923348266, -0.0, 0.040668493923348266, -0.0, -0.0, -0.0, -0.0, -0.0, -0.0, -0.0, -0.0, -0.0, -0.0, -0.0, -0.0, -0.0, -0.0, -0.0, -0.0, -0.0, -0.0, -0.0, 0.040668493923348266, -0.0, -0.0, -0.0, -0.0, 0.040668493923348266, -0.0, 0.1978990050423311, -0.0, -0.0, -0.0, -0.0, -0.0, -0.0, 0.1978990050423311, -0.0, -0.0, -0.0, -0.0, -0.0, -0.0, -0.0, -0.0, -0.0, -0.0, -0.0, 0.07253718299881004, 0.41381685030363374, 0.2597169275408664, -0.0, -0.0, -0.0, 0.38391224495108445, 0.33405457532214855, 0.0730661193138456, 0.15267199916686056, 0.040819652463459435, 0.22003586150828525, 0.0730661193138456, -0.0, -0.0, -0.0, 0.04097202425663312, -0.0, -0.0, -0.0, -0.0, -0.0, 0.040819652463459435, 0.040819652463459435, -0.0, -0.0, 0.17616857262204574, -0.0, -0.0, 0.8696866844093676, 0.10142782630824189, 0.07280061053393987, 0.040819652463459435, 0.040819652463459435, -0.0, 0.6150529066602224, -0.0, 0.040819652463459435, -0.0, 0.07280061053393987, 0.10142782630824189, -0.0, -0.0, 0.1278670878097346, 0.040819652463459435, 0.040819652463459435, 0.10142782630824189, 0.07280061053393987, 0.07280061053393987, 0.040819652463459435, 0.15267199916686056, 0.040819652463459435, -0.0, -0.0, 0.8112781244591328, 0.8112781244591328, -0.0, -0.0, -0.0, 0.07280061053393987, -0.0, -0.0, 0.1985721814326404, -0.0, -0.0, -0.0, -0.0, -0.0, -0.0, -0.0, -0.0, -0.0, -0.0, -0.0, -0.0, -0.0, 0.040819652463459435, 0.040819652463459435, 0.040819652463459435, -0.0, -0.0, 0.040819652463459435, -0.0, -0.0, -0.0, -0.0, -0.0, -0.0, 0.040819652463459435, -0.0, -0.0, -0.0, -0.0, 0.17616857262204574, 0.11356389459971092, 0.040819652463459435, -0.0, -0.0, -0.0, -0.0, -0.0, -0.0, -0.0, -0.0, 0.04097202425663312, -0.0, -0.0, 0.040819652463459435, 0.07280061053393987, -0.0, -0.0, -0.0, 0.040819652463459435, -0.0, 0.11356389459971092, -0.0, 0.07280061053393987, 0.14216273757993958, 0.10142782630824189, 0.10142782630824189, 0.11356389459971093, 0.040819652463459435, 0.040819652463459435, -0.0, 0.1278670878097346, -0.0, 0.26057536663309283, 0.07280061053393987, -0.0, -0.0, -0.0, -0.0, 0.040819652463459435, -0.0, 0.15267199916686056, -0.0, 0.351118992570536, 0.040819652463459435, 0.11356389459971092, -0.0, -0.0, -0.0, 0.040819652463459435, 0.293383827604085, 0.040819652463459435, -0.0, 0.07280061053393987, -0.0, 0.07280061053393987, 0.040819652463459435, -0.0, 0.11356389459971092, 0.040819652463459435, 0.040819652463459435, -0.0, -0.0, -0.0, 0.07280061053393987, -0.0, -0.0, 0.10142782630824189, 0.040819652463459435, -0.0, -0.0, -0.0, 0.040668493923348266, -0.0, 0.040668493923348266, -0.0, -0.0, -0.0, -0.0, -0.0, -0.0, 0.040668493923348266, -0.0, 0.12741851179235877, -0.0, 0.07253718299881004, -0.0, -0.0, -0.0, 0.08130911282337144, 0.07253718299881004, -0.0, 0.040668493923348266, -0.0, -0.0, 0.040668493923348266, 0.040668493923348266, -0.0, -0.0, 0.040668493923348266, 0.07253718299881004, -0.0, -0.0, 0.040668493923348266, 0.27889718414078435, 0.17556502585750278, 0.040668493923348266, 0.15214300470568562, 0.040668493923348266, -0.0, 0.040668493923348266, 0.3984592740952357, -0.0, 0.9182958340544896, -0.0, -0.0, 0.040819652463459435, -0.0, 0.07253718299881004, -0.0, 0.040668493923348266, 0.040668493923348266, -0.0, -0.0, -0.0, -0.0, -0.0, 0.08130911282337144, -0.0, 0.25653513706056597, 0.040668493923348266, 0.040668493923348266, 0.17556502585750278, 0.07253718299881004, -0.0, -0.0, 0.040668493923348266, 0.10106696361212415, 0.040668493923348266, 0.2192973081321754, 0.10106696361212415, -0.0, -0.0, -0.0, 0.0730661193138456, 0.0819156768359695, -0.0, -0.0, -0.0, 0.040819652463459435, -0.0, 0.040819652463459435, 0.10142782630824189, -0.0, 0.07280061053393987, 0.1017915058470841, 0.1767766970180548, 1.0, 1.0, 0.172898519607687, 0.9182958340544896, 0.9182958340544896, -0.0, 0.17738945318599736, -0.0, 0.040819652463459435, -0.0, -0.0, -0.0, -0.0, -0.0, -0.0, -0.0, -0.0, 0.07280061053393987, -0.0, 0.040819652463459435, 0.040819652463459435, -0.0, -0.0, -0.0, 0.07280061053393987, -0.0, 