{"taxa": 95, "sites": 268, "patterns": 247, "gaps": 0.0, "invariant": 0.12313432835820895, "entropy": 1.2382312128366286, "column_entropies": [0.7456277344909732, 2.342824088797223, 1.847484007633478, 0.08426242877623302, 0.7941807694637397, 0.2939681108774599, 0.23124824035994587, 1.4478509385485256, 0.5062149857713026, 2.0709829095200516, 2.39756648216158, 1.5897224278678275, 1.4332854141095046, 2.675917731091348, 0.6292492238560345, 0.34857491178532485, 0.6294470358326665, 2.3949415317549048, 0.941018333648285, 1.611812825984453, 1.6316291003703187, 2.464987937030891, 2.017688962011084, 1.937115198608434, -0.0, 2.1001487861220016, -0.0, 2.7513428125728905, 0.953687716801781, 1.6345075802931013, 0.5759084429149788, 1.328554921402786, 1.9918822078395424, 0.37757372759757185, -0.0, 0.6292492238560345, 1.3304505328786949, 0.2523008719388933, 0.9644590583765233, 0.5759084429149788, 2.0703708445924223, 2.428829537194828, 0.5171354891896202, 1.4201076266852788, 0.8560944039818439, 0.1473106669304539, 1.0658720117484208, 1.5865914520556492, 1.5246969170694602, 0.25186284771956513, 0.994033557176104, 2.044593264254514, 0.08426242877623302, -0.0, 1.2155455908511115, 2.546339373694106, 2.075018959294283, 0.8881519811479897, 2.761556605831453, 0.937539730663273, 0.6032154068313578, 1.1010515042269717, 2.2991000736263953, 0.34857491178532485, 0.1473106669304539, 0.37757372759757185, 0.6293550425344386, -0.0, 0.08426242877623302, 1.5233960672094333, 1.6946718143313975, 0.3398550782221443, 0.25186284771956513, 1.4192407852096367, 2.0542076626732055, 1.6383009048966382, 0.08426242877623302, 0.5171354891896202, 0.650823981214826, 0.8611247055579296, -0.0, 2.308881189411321, -0.0, 1.8678828617447762, 1.9239603824176514, -0.0, 1.2387156520078453, -0.0, 0.39785270984663834, -0.0, -0.0, -0.0, 0.9676876934577427, 0.08426242877623302, 0.2312482403599459, 0.8767767554708163, 1.479222643798562, -0.0, -0.0, 0.6904092899908587, 1.9796693001543277, 0.9860201273204476, 0.08426242877623302, 0.8998737139168257, 1.2790238817145179, 0.1473106669304539, 0.6287201341610377, 0.16836329850940127, -0.0, 1.305667494209308, 0.08426242877623302, 1.4892683794935668, 0.1473106669304539, 0.1473106669304539, 1.2278911263663965, 1.8292551618337463, 0.25186284771956513, 1.7631770129016942, 2.43791669765541, 1.3754334908458306, 0.6918780288978799, 1.77549815003936, 1.744173463007408, 0.2312482403599459, 2.9765104335819443, 1.6168179434332988, 2.364320915800149, 2.1449476435780324, 2.7209137306090896, 2.534947206379784, 1.8479107884388704, 2.9055392513192473, 2.7498070448110177, 1.6737164080401339, 1.3648386278220315, 1.736272227982497, 1.3835058777600253, 1.6454508718024896, 1.0376723928834508, 1.5172005428536341, 0.3809091259051982, 1.5553584793178712, 1.2663474922394653, 1.4296758602975201, 1.8552805927074016, 0.3150207424564072, 0.6833363870687766, 1.5889749468996137, -0.0, 2.7289937662527297, 0.5459776148697137, 1.9865682556966446, -0.0, 1.0462739571101123, 1.2793398361587738, 0.8314743880097293, -0.0, -0.0, 0.8425307801562613, -0.0, 0.9980008838722996, 1.6108478140304388, -0.0, 0.16836329850940127, -0.0, 1.1943804373262725, 0.8538742492294215, 1.6632376825217423, 1.6119581824181897, 0.5472469471683307, -0.0, 0.874362043631072, 2.063894833479556, 2.2193178351668346, 0.6892369882848381, 0.48111895106692515, 1.9885072917465516, 1.1625862981024113, -0.0, -0.0, 2.2552550552001853, 1.7918008675054262, 1.199669292991525, 1.4961067831839931, 1.8262596867429974, 0.4520861986745137, -0.0, 0.8141821855678464, 2.3698212196440482, 1.3223198374329306, -0.0, 2.0404947445956885, 1.711238158105159, 1.188024170779794, 1.820704493821993, 0.5232242142248199, 2.546399704325216, 0.8767767554708162, 0.9854382586100814, 1.366439423006926, 2.2410651218751068, 1.2206981383723492, 1.6476086271843775, 0.41890534142558566, -0.0, 0.8525301076189986, 2.049764769258652, 2.939840125632685, 2.974943253540444, 1.5390155403027612, 0.2523008719388933, 2.8510158285760068, 1.681235391474688, 1.367568834953114, 2.9217026159782744, 2.4246341187856886, 1.5173135181203377, 2.5355932900105307, 2.0863533517361366, 2.0371635251712688, 2.6068305897830513, 1.5819062876866203, 1.1518986953256216, 1.3068407634572168, 1.8418390554791504, 0.46261804419155217, 0.39785270984663834, -0.0, 0.568081461923502, 1.4621006200595534, 1.0619802923478245, 0.6418265815066855, -0.0, 1.1587516436888978, 1.4317380681597798, -0.0, 1.0923803147042115, 1.6797000592831504, 2.212568515266007, 1.3823850406304543, 2.666875382224825, 0.5963399396320355, 2.4492878776196187, 1.720433202360997, 0.34857491178532485, 1.5787312446512742, 2.8514127351043976, 3.3394721976824817, 2.1604122904892584, 0.4942253984125728, 3.08870299015593, 2.9450566344211486, 2.890384667708863, 2.438842362320989, 2.505332873196874, 1.273691711086441, 0.7454422990816545, 2.413276529108945, 2.1893803722772067, 1.9279316568455138, 2.382274354475869, 1.959756247565219, 2.6698970471509456, 2.104859768552173, -0.0, 1.86772830924696, 2.050370276322758, -0.0], "bollback": -1456.0889817293746, "treelikeness": 0.22374059387354098}