{"taxa": 60, "sites": 327, "patterns": 306, "gaps": 0.0342, "invariant": 0.1712538226299694, "entropy": 1.0687054490824937, "column_entropies": [0.7781409052556558, 1.707695959585303, 0.5119100510218906, 0.228538143953528, 0.9910760598382222, -0.0, 0.8524051786494786, -0.0, -0.0, -0.0, 0.13303964861069895, -0.0, -0.0, 0.13110652958234503, -0.0, -0.0, 1.0973231569554882, 0.2617272754910313, -0.0, 1.7181889382480768, 1.8651704055433151, 2.264780011554844, 2.2095816467274667, 0.41381685030363374, -0.0, 1.5213721776315081, 1.3608542180682557, 2.224453693786931, 2.1061014245778504, 1.8218063919952998, 0.8589810370425963, 0.2580186686648155, 1.1106417179741919, 1.792919425522053, 1.7176119837115729, 1.1555457507612565, 2.445634004878621, 1.9804820237218406, 0.1222915970693747, 0.28639695711595625, 0.7934994715272984, -0.0, -0.0, -0.0, -0.0, 0.5339978357541166, -0.0, 1.9741796867513577, 1.371379153348057, -0.0, -0.0, 2.6397816466636903, 0.6500224216483541, -0.0, 0.648243718625339, 1.8955744479097678, 2.7787721873661986, 1.0947168816738182, 1.731817965583831, 0.28639695711595625, 0.1222915970693747, -0.0, 1.3058715842388213, 1.8527222287019947, 2.030890127889535, 1.271379153348057, 0.8112781244591328, 1.082972249141445, 0.28639695711595625, 0.839414263230023, 0.21084230031853213, -0.0, 1.2611519917248204, 1.6136564796305082, 0.3366790555444543, 1.8015751242470364, 1.4485919737512576, 0.6887312773389104, 0.5665095065529053, 0.33231174881868064, 2.344664105554228, 0.28998604703320907, 2.269269987741434, 1.8883280011656625, 0.9997927658541268, 2.8277543408206895, -0.0, -0.0, -0.0, -0.0, -0.0, -0.0, 1.7474101776404034, 1.103307408607834, -0.0, 2.616694059813413, 1.5206301173709005, -0.0, 1.1178076804841413, 1.2332638981088577, -0.0, 2.7223586207034107, 0.9514008547386816, 2.8359792904525607, 0.7281883539132343, 1.6565775425849352, 2.2278031078178997, 0.8703978237009053, 2.1022012443786746, 0.8812908992306927, 1.638019727298801, 0.21084230031853213, 0.21084230031853213, 0.21084230031853213, 0.21084230031853213, 0.24417563365186545, 1.8501987194907266, 1.8546097612655665, -0.0, 1.946869870487064, 0.6937673736095673, 0.47397752487758066, 1.3929116375954174, 2.3325728683067015, 1.348591973751258, 1.4327439300926192, -0.0, 0.5197027865043055, 1.7808238354354922, 1.4792496732961906, -0.0, 0.9780625207915397, -0.0, 0.6937673736095673, 1.0756294312117074, 1.28298605945994, 1.4825723993079596, 0.5197027865043055, -0.0, 1.6761946282230233, 0.6098403047164004, -0.0, -0.0, 0.7703437707962479, 0.420026001688088, -0.0, -0.0, 0.8585017136921338, 1.1596724699955359, -0.0, -0.0, -0.0, 0.6746799231474563, 1.8022077802716232, 1.8440548203564517, 0.41264861298862526, 1.8005311223115554, 0.906579548498746, 2.0488210139967777, 0.8776652113864807, 1.2709600968030565, -0.0, 1.4960730334425012, 1.4568777379958116, 0.12394986771100759, 0.8702755156496594, 0.12394986771100759, -0.0, -0.0, 2.266684259187662, 1.2970724493438104, 0.8663006754980498, 0.981854905453414, 1.4672705863362723, 0.41264861298862526, -0.0, 0.6939659673342858, 2.3281739754853055, 2.7170838817120995, 0.4593416214998705, 0.24747812042302308, 1.8444403112893941, 1.0748526732713084, 1.0970045699769433, 1.511656880863691, 1.0748004332971606, 0.7666380672747317, 0.24747812042302308, 0.7360310599614004, 2.2244073145932606, 0.5348665642942011, 1.5432678766008383, 1.8330902882022715, 1.0572755008977888, 2.842789182246348, 1.4101866282245707, 2.13227787532908, 0.7534393533742927, 2.212152928979771, -0.0, 1.1298023400401525, 0.7486882541926365, 0.8785904108759165, 1.6406126579171416, 1.0979879850641205, 0.959298443315944, 1.0244675686669824, 1.4931367967077154, 1.0058687359886425, 2.5318036977107607, 2.768968849600018, 2.821128006013143, 0.8648705079599811, 2.933703440558758, 0.876110085495136, 2.201003475676275, 0.9891318547304483, 0.41264861298862526, 1.2416165488362068, 0.8872121538350274, 0.8098686012169891, 0.13110652958234503, 0.43502189638448246, 1.2335630551408203, 0.7163515129214616, 2.419415052092798, 0.13110652958234503, 2.2858954828160027, 0.13110652958234503, 0.7164023163372556, 0.762412965442181, 1.6168239820062813, 1.037498666869944, 0.29367630985136955, 1.1024540376963234, 0.9255982359100635, 1.1605951683133846, 1.4658776457620832, -0.0, -0.0, 1.609931015820306, 1.696991469752574, 1.8792671682576172, 2.79259246669817, 0.6977449185664295, 1.1770002750351272, 1.614939534017777, 0.8869343131297225, 2.8165391331636402, 1.7579298527313045, 2.0182874470538037, 0.7579387543832092, 2.573306450232252, 2.1272714623737343, 0.7251778142126899, 1.5448545070131106, 0.669992496593381, 1.00047522904092, 0.12565805017256743, 1.0910862444927811, -0.0, -0.0, 2.52832099829607, 0.8946073767860432, 1.1762609728620195, 1.9474652040819502, 1.0571468924513157, 1.5838370494058813, 0.42350981076100436, 1.2769683708750001, 1.4775326477843285, 0.6977449185664294, 1.1059541875950987, -0.0, 1.8047980228088245, 1.7425349870720828, 0.5490697888050879, 1.417207339975435, 1.1531877368090897, 1.226916118113135, 1.804768486347159, 1.155411115144995, 0.6324888677904121, 1.4601219350582153, 1.5051850633227188, -0.0, -0.0, 2.008441990711793, -0.0, 1.5845725391443115, 2.0260976423308157, 1.2082554816528293, 1.1647522952415386, 1.5184287037115518, 2.156778801171896, 2.449723433638299, 2.4373948910569556, 2.3572720335222415, 0.254385027430421, -0.0, 0.4783751837837328, 1.9234428855556234, 0.43408112000433474, -0.0, 0.676941869780886, 0.1292337748458849, 0.8725525209711026, 1.363082160338335, 0.2192973081321754, 1.5920369596967592, 1.422365008250985, 2.2354690137880615, 1.151698385965595, 1.0121027547044155, 0.549069788805088, 1.9725959745176596, 0.12741851179235877, 1.8070219306336688, 2.4351759075490014, 0.43408112000433474, 0.1292337748458849, 2.008539162604953, 2.057528816854292, 2.1010289564677787, 2.3236027219851203, 2.766395704460797, 3.18477116467319], "bollback": -1854.8405318456357, "treelikeness": 0.2621878006461117}