{"taxa": 300, "sites": 1394, "patterns": 771, "gaps": 0.071, "invariant": 0.5516499282639885, "entropy": 0.27234039136730553, "column_entropies": [-0.0, 0.03376725076727819, -0.0, -0.0, -0.0, 0.03386855598926829, -0.0, 0.2511988167090251, -0.0, 0.03356657775793617, 0.03356657775793617, -0.0, -0.0, -0.0, -0.0, -0.0, -0.0, -0.0, 1.2694362837087951, 0.05977499339155061, 0.6442433051789809, -0.0, -0.0, 0.06613471664472306, 0.03288391519711133, 0.09177516123340494, -0.0, 0.03297961098169326, 0.06594224345422618, 0.03288391519711133, 0.03288391519711133, 0.03317280641943041, 0.03288391519711133, 0.06575096777954956, -0.0, -0.0, -0.0, -0.0, 0.03278881304820581, -0.0, 0.03278881304820581, -0.0, -0.0, 0.058758157105190834, 0.8329018353258386, 0.08191467409622556, 0.03260036713734486, -0.0, 0.08168767019691561, 0.05842745555499332, -0.0, 0.03288391519711133, -0.0, -0.0, 0.22912597074766633, 0.4177006799827764, -0.0, 0.057938868586642, 0.057938868586642, 0.058263607152566885, -0.0, -0.0, 0.03232201166391055, -0.0, -0.0, -0.0, -0.0, -0.0, -0.0, -0.0, -0.0, -0.0, -0.0, -0.0, -0.0, -0.0, 0.032230355211769486, 0.032230355211769486, 1.0698133040675877, -0.0, -0.0, -0.0, -0.0, -0.0, -0.0, -0.0, -0.0, 0.08997609423645608, -0.0, -0.0, -0.0, 0.05777796017013378, -0.0, -0.0, -0.0, -0.0, -0.0, -0.0, -0.0, 1.0211549675895437, 0.7014714598838974, 0.6329016317657147, -0.0, -0.0, -0.0, -0.0, 1.0, 0.2674138649637549, 0.3138129641688651, 1.0438491665328402, 0.3078208230745009, 0.476422814460163, 0.07025466671279447, 0.29218778172332904, 0.3212095589014965, 0.9359807521922106, 0.29163729251372494, 1.0957952550009336, 0.6840384356390417, 0.8039463657576926, 1.021864230616057, 0.9248187049730301, 0.05777796017013378, -0.0, 0.032230355211769486, -0.0, -0.0, 0.032230355211769486, -0.0, -0.0, -0.0, -0.0, -0.0, -0.0, 0.06444462683680045, -0.0, -0.0, -0.0, -0.0, 1.2661984045041614, -0.0, -0.0, 0.9385485311096629, 0.032230355211769486, 0.032230355211769486, 0.19143325481419343, 0.11549136974198373, 1.3660713106361941, 1.1911208601161944, 0.6243874089885801, -0.0, 0.06444462683680045, 0.06444462683680045, 0.032230355211769486, 0.9924891376932871, 0.6181194891000384, 1.2257810603811308, 1.1776025598179196, 0.7707632216177354, 1.4751152335495743, 1.4101908438226947, 1.0339693299300465, 1.1206225304378248, 1.017687754930928, 1.2413266946055255, 0.1384741069769525, 0.1222915970693747, 0.1222915970693747, 1.1615118188054894, 1.211926905971545, -0.0, -0.0, -0.0, -0.0, 0.5482251174503202, 0.032230355211769486, 0.032230355211769486, -0.0, -0.0, -0.0, 0.05777796017013378, -0.0, -0.0, 0.48977901368693755, -0.0, -0.0, 0.032230355211769486, 0.557438185027989, 0.05777796017013378, -0.0, -0.0, -0.0, -0.0, 0.28421190462610535, 1.4417844987240005, -0.0, -0.0, -0.0, -0.0, -0.0, -0.0, 0.08997609423645608, -0.0, 0.15976788116214136, -0.0, -0.0, -0.0, -0.0, -0.0, -0.0, -0.0, -0.0, 1.3132116067129345, 1.0818843017055795, 1.5932855826627057, -0.0, 1.558626497113865, 0.21731799302683483, 0.5293608652873644, 0.8435506800669929, 0.7447317041417969, 1.3112540926962764, 0.9896050065706858, 0.8112781244591328, 0.9239424841380105, 1.694353745819263, 1.243642976927555, 1.4069429811565848, 0.62426042691275, 1.0, 1.2424630572999154, 0.5377169940746864, 0.9454153653108376, 0.24229218908241482, 0.5482251174503202, 0.032230355211769486, -0.0, 0.032230355211769486, 0.032230355211769486, 0.032230355211769486, 0.2743258972806266, 0.805952041954632, 1.2681209937037576, 0.08079313589591118, 0.032230355211769486, 0.5098891423431209, 0.6495479425749373, 0.1222915970693747, -0.0, 0.032230355211769486, 0.032230355211769486, 0.05777796017013378, 0.7842184791498752, -0.0, -0.0, -0.0, -0.0, -0.0, -0.0, 0.6485510670386225, 0.032230355211769486, 0.032230355211769486, -0.0, -0.0, 0.032230355211769486, -0.0, -0.0, -0.0, 0.21084230031853213, -0.0, -0.0, 0.8267463724926178, -0.0, 0.5098891423431209, -0.0, -0.0, -0.0, 0.032230355211769486, 0.6485510670386225, -0.0, -0.0, -0.0, -0.0, -0.0, 0.15976788116214136, -0.0, -0.0, -0.0, -0.0, -0.0, -0.0, -0.0, -0.0, -0.0, -0.0, 0.032230355211769486, 0.032230355211769486, -0.0, -0.0, -0.0, -0.0, -0.0, -0.0, -0.0, -0.0, -0.0, -0.0, -0.0, -0.0, -0.0, -0.0, -0.0, -0.0, -0.0, -0.0, 0.08997609423645608, 0.08997609423645608, 0.032230355211769486, -0.0, 0.032230355211769486, 0.032230355211769486, 0.08079313589591118, -0.0, -0.0, -0.0, -0.0, -0.0, -0.0, -0.0, -0.0, -0.0, -0.0, -0.0, 0.1222915970693747, 0.10215803640865039, -0.0, -0.0, -0.0, -0.0, -0.0, -0.0, -0.0, -0.0, -0.0, -0.0, -0.0, -0.0, -0.0, -0.0, -0.0, -0.0, -0.0, -0.0, -0.0, -0.0, -0.0, -0.0, -0.0, -0.0, -0.0, -0.0, -0.0, -0.0, 0.032230355211769486, -0.0, -0.0, -0.0, -0.0, -0.0, -0.0, -0.0, -0.0, -0.0, -0.0, 0.10215803640865039, -0.0, -0.0, -0.0, -0.0, -0.0, -0.0, -0.0, -0.0, -0.0, 0.032230355211769486, -0.0, -0.0, -0.0, -0.0, -0.0, -0.0, -0.0, -0.0, -0.0, -0.0, -0.0, -0.0, 0.032230355211769486, -0.0, 0.5315849112220629, -0.0, 0.032230355211769486, -0.0, 0.032230355211769486, -0.0, -0.0, -0.0, 0.032230355211769486, -0.0, -0.0, 1.107845025480522, -0.0, 0.15976788116214136, 0.9286736725887439, 0.35764041924101503, 0.1222915970693747, 0.032230355211769486, 0.1222915970693747, 0.05777796017013378, 0.9642382146834013, 0.3724524654958184, -0.0, 0.2573720095233589, -0.0, -0.0, -0.0, 0.05777796017013378, -0.0, 0.445693177722561, -0.0, 0.06425462540840808, 0.49007982362113434, 0.5415400164728463, -0.0, -0.0, -0.0, 1.078489199598951, 1.361308804384235, 1.3474845004413525, 0.7557955012978927, 0.3852573308355789, 0.6412876912459958, -0.0, -0.0, -0.0, -0.0, -0.0, 0.20405611985266403, -0.0, -0.0, 0.2219407328532109, 0.2402186636262219, 0.6117196792603273, 0.6629209019295005, 0.6856962785366616, 0.10215803640865039, 1.6896005589935297, 1.125716408482857, 0.9723041184321255, 0.6782923189308897, 1.2011048359127434, 0.6492333102774009, 0.9956049259502137, 0.42635799351656156, 0.31468260413466576, 0.06425462540840808, 0.2123809206675321, 0.37131849231544056, 0.6097584880442075, 0.9113670264576006, 1.5540112006426925, 0.7364112182520561, 1.2126483639749597, 0.37901444138648777, 1.0027534467564643, 1.250080071606121, -0.0, 1.1027273825730999, 1.0841595918743878, 0.49958742875790496, 0.035925580783167384, 1.2733260289184396, 0.035925580783167384, 0.08970338978684994, 0.9964316485115978, 0.8143422363766406, 0.43325144447677355, 0.9763846503749462, -0.0, -0.0, -0.0, 1.0, 0.7007170439218946, 0.4023969082809588, 0.18052466764205782, 0.23326083594242075, 0.820632985341608, 0.43241211973651494, 0.8314963648354878, 1.4448243380410823, 1.0172624413517903, 0.8208275997715182, 0.568053102058797, 0.06425462540840808, 0.29631146151431487, 1.2314768463198562, 0.035925580783167384, 1.1618286113421454, 1.685437359673677, 1.4141998412384158, 0.7537370910813769, 0.9929921046394732, 1.0478827142412634, 0.998340827784064, 0.9739682666277407, 0.8302726985093891, -0.0, 0.568327228441439, 0.883566074269073, 1.0154747593481845, 1.4688177183396531, 0.26058861035993425, -0.0, -0.0, -0.0, -0.0, -0.0, -0.0, 0.25379803829882475, 1.262123194064922, 1.0501824151101924, -0.0, -0.0, -0.0, 1.3234954440834399, 1.4410960620390232, 1.2232447742553794, 1.041137762259023, -0.0, -0.0, 1.511340537080871, 0.8755657959446267, 0.2720647864044614, 0.20948960787484558, 0.8404419401999785, 0.7290749338378184, 0.1384741069769525, 0.38326089491380333, -0.0, -0.0, -0.0, 0.08079313589591118, -0.0, -0.0, -0.0, -0.0, 0.226794457003526, 1.0582724753436672, 1.4158955858591211, 1.1871874050059956, 1.470030242466298, 0.5706857404048626, -0.0, -0.0, -0.0, 0.5889976307524614, -0.0, -0.0, 0.032230355211769486, -0.0, 0.032230355211769486, 0.06444462683680045, -0.0, 0.9626147059982517, 1.080078278961378, -0.0, -0.0, 0.10215803640865039, 0.032230355211769486, 0.24229218908241482, -0.0, -0.0, 0.8259483347662668, 0.11549136974198373, 0.03317280641943041, 0.5526631896350483, 0.8112781244591328, 0.3293815210020937, 0.3323577480911385, 0.7040241824782056, 0.1943918578315762, -0.0, 0.14144054254182067, 0.08079313589591118, 