{"taxa": 62, "sites": 439, "patterns": 431, "gaps": 0.1746, "invariant": 0.05922551252847381, "entropy": 2.147653221322679, "column_entropies": [0.8663006754980498, 0.8972600360799283, 2.703077559340209, 1.820635331756084, 0.8309722028752354, 2.348773070809463, 3.02032751937877, 3.320217239947299, 1.7428035122605507, 1.8266623708044742, 3.0214087286418705, 1.7565878300082862, 0.5348665642942011, 2.95326868433169, 3.4764201543915823, 0.6278548151622887, 3.1744967642116473, 3.1748273926658195, 3.1209132974675167, 1.1499520980784521, 2.533980663502819, 2.7949526372926323, 3.0801334973590238, 2.0720532550331945, 3.0224865324521364, 2.492237366516415, 0.7678895404332048, 1.636473523343469, 1.5989900373453592, 2.6842735598299376, 2.3615232905183734, 2.0720365953595095, 1.5695794976359525, 0.7281883539132343, 2.954679196490042, 2.6342884121176726, 2.3513073660949604, 1.9818395686836459, 2.354842848456032, 2.43463941856315, 2.3896298714584807, 0.9309349711862431, 1.1237499221647667, 1.265559003328221, 2.164735178725505, 0.8539280481835141, 2.0975347643587217, -0.0, 1.3955708923085965, 1.497882061026159, 1.2690782785243293, 1.0154687566377605, 0.8585017136921337, 1.729096349830848, 0.4533593350214214, 1.4066455920970515, 3.007321121424567, 2.694179875607624, 0.21357981533827733, 3.1346959492777597, 2.559522556942008, 0.24417563365186545, 2.2326411331206186, 2.8548028232003837, 3.106976674432312, 1.84538829971807, 2.1690650288137565, 2.7096257772765817, 1.7595262667200482, 0.8812908992306927, 1.1567796494470395, 0.8812908992306927, 1.3567796494470394, -0.0, 0.7219280948873623, 0.4689955935892812, 0.9219280948873623, 0.9219280948873623, 0.5435644431995964, 2.386479366485535, 2.8737666469521526, 2.5813336360211667, 2.8380976017324846, 2.753330129868806, 2.3871146768111347, 2.0465708349535037, 2.8719940903742267, 2.7459535057304962, 3.544399361324813, 2.8154555097173204, 3.2312687214741405, 3.474018299305544, 3.6109603222542415, 3.3490557627228177, 3.0647671458134083, 3.6013026214127803, 3.2294366729610946, 3.655569380656773, 3.293192199349875, 3.4902457554504718, 3.5744937363553317, 3.139225124281843, 3.1254505766804805, 3.281978804725139, 2.856984277046803, 3.0079909180904982, 2.865730998142328, 3.545303273241098, 3.6537145859443103, 1.3567796494470397, 3.3742357316031137, 3.6963654134891573, 3.5090043228510925, 3.443190367352229, 3.802927381493406, 3.230549725090908, 3.312273645141532, 3.277764939332766, 3.4678849523272843, 2.9934699290615363, 3.322539111641474, 3.691444502807532, 2.963216209035259, 3.3512723801129103, 3.1420186296362993, 3.6986604604011157, 3.228721929429922, 3.267894147619623, 3.0388469433288314, 3.5068905956085183, 3.139572261986723, 3.188721875540867, 2.40400975732486, 2.663532754804255, 3.0957952550009344, 2.1219280948873624, 2.1219280948873624, 2.430313437343593, 2.7658813699600984, 1.6564580163268325, 2.676565740325735, 1.526275672294646, 1.0319744902981611, 2.1445914702814113, 2.132266489526954, 1.2333791922639787, -0.0, -0.0, 0.27950554563667995, 0.7706290693639405, 0.48275085378116966, 0.27950554563667995, 2.6428250748793065, 0.27950554563667995, 0.27950554563667995, 0.6779309379122368, 1.3383077376834445, 3.238722709626025, 1.9222963316021073, 3.0841278571582618, 0.8520241879027941, 2.998201964668711, 2.1409905267956666, 2.8872247949713516, 2.456408298916059, 2.0339866810083143, 2.9589650004656, 2.3967916319816367, 2.5286938442623175, 2.95629130546528, 3.3072493237467815, 3.187762549689088, 3.2840988491566394, 3.341756642496474, 3.741147631579379, 3.143329276447348, 2.4905761368258115, 2.5521871523476345, 3.0097068774076314, 3.125162142299678, 2.991179637729028, 2.7872317972125416, 0.66493326750643, 2.3008047485295138, 2.6396324113287437, 0.6321517436547897, 2.469387950652232, 2.3211515622334535, 1.8399862966903788, 1.8920213808991089, 2.3187579011219484, 1.8819087615397214, 0.11911602665564835, 0.6321517436547897, 2.606137983779043, 1.5620461121349438, 2.674310608116631, 3.025302131912931, 1.4818420029049129, 2.3023108835763453, 1.9689317748572712, 2.7427538703605716, 1.7447244427012456, 0.8828597725911205, 2.999202073061919, 2.7269933164125404, 0.11911602665564835, 2.322646395398124, 2.182436892256502, 1.8918521728839344, 2.3944332602042606, 2.329736747925867, 2.7663302283642746, 2.500060825399278, 3.004523355998701, 2.8339731132696504, 3.3966410679628662, 3.1885288849877464, 2.8385668472672974, 3.0907540914313736, 2.9195575998286887, 1.4251185503571397, 1.8175671275966794, 2.281282250170528, 2.856905586806117, 1.4339897811352764, 3.6394888956866915, 3.2333144227421773, 2.5034767362160135, 2.068740412240465, 3.3949694947397315, 2.7832099695754264, 2.9702179074132666, 3.133095071095282, 1.9020243143398834, 1.6407549384600573, 3.0037513933673976, 2.511255882785188, 3.044656314778961, 2.094899150802713, 0.45502065977946415, 0.7024229181490433, 1.8403029716678094, 2.398198923463462, 2.542672938233979, 2.7877266805459904, 3.0683106367555357, 1.8801335108544501, 2.9796192824788794, 3.316344274787254, 3.120131127593557, 2.775461147258155, 0.6583514224564075, 2.6981203125901447, 2.1140054628542204, 2.6915107774877747, 1.0, 1.0, 2.4613201402110083, 2.3554394460731727, 2.849550430250144, 1.6988464380395003, 2.950893634575006, 3.53537754909837, 2.907894275177697, 3.164528970150655, 2.923542526237456, 2.49629149746154, 2.202284484384576, 1.7381933701358432, 2.135047124853358, 2.1896637099689027, 2.8639318685342054, 2.7532998048931794, 3.1878102274357123, 3.0379154119304594, 3.230278663095358, 3.0375414634021505, 3.086128819584187, 2.736188781965423, 2.964462719050488, 3.142637965164114, 2.73185664154778, 3.157021098248347, 3.2838098542420906, 2.9290441746305866, 3.1186459761951224, 2.75, 3.1009166856947723, 2.5198157169987727, 1.584962500721156, -0.0, -0.0, -0.0, 2.0113036279914036, 2.92137702417234, 1.1413062181850357, 3.09938108635608, 0.3095434291503252, 0.13303964861069895, 0.9615775488155784, 1.134969974603941, -0.0, -0.0, 2.2153162047453736, 1.662399891944769, 2.310538700856572, 3.017398232535891, 1.985706148218358, 2.4251348492735163, 3.238291830355042, 3.4571118579621483, 3.547898191373839, 3.2088680959909928, 3.712201821793785, 3.6593315272146962, 2.676668602834366, 2.4225797618424916, 2.321928094887362, 1.0, -0.0, -0.0, -0.0, -0.0, -0.0, -0.0, -0.0, -0.0, 3.6133373140453076, 3.8040063852515478, 3.34249629764402, 3.7365208866425896, 3.056134143159232, 3.0678992116207207, 3.0109802734704196, 2.006359770752415, 1.5916361477742418, 3.206926348800225, 2.07712770415091, 2.88263721453237, 3.1715741822055343, 2.081839568683646, 2.3423808576017855, 2.7363833624355522, 3.2563182931071686, 1.7696619625479322, 1.324500088129167, 1.5325417169257118, 2.3144093452479404, 3.013975874473883, 3.415295892254613, 1.0, 2.7545178168954467, 3.323466308849164, 1.829536704143214, 1.981076011914607, 0.7033246749237131, 2.630749152746432, 0.7738608173467351, 2.7115110220603267, 2.5180170141530462, -0.0, -0.0, 0.958682507511913, 2.26580561503457, 1.4119470505154925, 1.8894226163281842, -0.0, 2.8872403597835463, 2.3333241386015073, 1.0010591198752978, 1.809685696912064, 2.6941592241856, 0.21084230031853213, -0.0, 2.005343826960707, 1.8943668160014897, 2.6544709550707513, 1.9699929475800817, 2.2393850967013917, 2.4201119644709257, 0.8539280481835143, 2.649616487760073, 2.3139935168028356, 2.0414030897741027, 0.6073108582109139, 1.9577357850454837, 3.269309872466335, 2.5025185497907456, 1.0062096218551768, 2.6865590382586446, 3.6268920282657784, 3.0447462045939893, 2.44872402662609, 3.564334031792408, 2.8306021151458065, 2.689886018487942, 1.946819311165902, 2.0865665125153683, 0.8553968621144462, 1.5445356442419398, 0.6098403047164004, -0.0, 0.1222915970693747, 1.4026771820485333, 1.7950296930510665, 1.3243544912834173, 2.681833976065545, 2.682278875260356, 3.07866528753564, 2.0808241170181074, 1.10117621992342, 3.109717238740741, 1.963839381975334, 3.032845128754922, 2.303059248641352, 2.054636215098623, 0.24417563365186545, -0.0, 3.0359792904525604, -0.0, 