{"taxa": 276, "sites": 1518, "patterns": 793, "gaps": 0.1447, "invariant": 0.6152832674571805, "entropy": 0.15051978187467507, "column_entropies": [-0.0, 0.03604132236145839, 0.03604132236145839, -0.0, -0.0, -0.0, -0.0, -0.0, 0.03604132236145839, -0.0, 0.03604132236145839, -0.0, -0.0, 0.03604132236145839, 0.34559033296261116, 0.07206170752523061, 0.03604132236145839, -0.0, -0.0, -0.0, -0.0, 0.03604132236145839, 0.03604132236145839, 0.03604132236145839, -0.0, -0.0, -0.0, -0.0, -0.0, -0.0, 0.07206170752523061, -0.0, -0.0, -0.0, -0.0, 0.03604132236145839, -0.0, -0.0, -0.0, 0.03604132236145839, 0.03604132236145839, -0.0, 0.03604132236145839, 0.03604132236145839, 0.03604132236145839, -0.0, 0.03604132236145839, -0.0, -0.0, 0.03604132236145839, -0.0, 0.035696474582397136, 0.035583093323072926, 0.035470482395918254, -0.0, -0.0, -0.0, 0.035470482395918254, 0.07092080298271114, 0.03535863377341594, 0.03535863377341594, -0.0, 0.07069725563998143, 0.035470482395918254, -0.0, -0.0, -0.0, -0.0, -0.0, -0.0, -0.0, -0.0, -0.0, 0.03524753954071269, 0.0982755460857312, -0.0, -0.0, -0.0, 0.08807225904068132, -0.0, -0.0, -0.0, -0.0, -0.0, -0.0, -0.0, 0.03524753954071269, -0.0, -0.0, -0.0, -0.0, -0.0, -0.0, -0.0, -0.0, 0.03524753954071269, -0.0, -0.0, -0.0, 0.08807225904068132, -0.0, -0.0, -0.0, -0.0, -0.0, -0.0, 0.03513719189363407, 0.03513719189363407, -0.0, -0.0, 0.3321337481804383, -0.0, -0.0, -0.0, -0.0, 0.06287459291205647, -0.0, 0.03513719189363407, 0.03513719189363407, 0.22789536587928316, 0.03513719189363407, 0.132648051251461, 0.08780664081938264, -0.0, -0.0, -0.0, 0.9709505944546686, -0.0, 0.15056226886132576, -0.0, -0.0, 0.7129831118585968, 0.6623881372622231, 0.11090987618569115, 0.09797227735873124, 0.03513719189363407, -0.0, 0.03513719189363407, -0.0, -0.0, 0.11090987618569115, 0.03513719189363407, 0.06287459291205647, -0.0, -0.0, -0.0, -0.0, -0.0, -0.0, -0.0, -0.0, -0.0, 0.11090987618569115, 0.29340926994563116, -0.0, 0.06287459291205647, 0.08780664081938264, -0.0, 0.32537546888502383, -0.0, -0.0, 0.03535863377341594, -0.0, 0.03535863377341594, 0.03535863377341594, -0.0, -0.0, 0.0632623114020632, 0.07069725563998143, 0.03535863377341594, 0.34000731042564, 0.11157438633209334, 0.20986860895851342, -0.0, -0.0, 0.45855599398899194, 0.5069923067544343, -0.0, -0.0, 0.035583093323072926, 0.10635088596374699, 0.035470482395918254, -0.0, -0.0, -0.0, -0.0, -0.0, -0.0, -0.0, -0.0, 0.035470482395918254, -0.0, 0.035583093323072926, 0.07092080298271114, -0.0, 0.035470482395918254, -0.0, -0.0, -0.0, -0.0, 0.06345811641554695, 0.08860876841836092, -0.0, -0.0, 0.035470482395918254, 0.06345811641554695, -0.0, 0.035583093323072926, -0.0, -0.0, 0.11224763886405018, 0.03535863377341594, 0.03535863377341594, 0.03513719189363407, -0.0, 0.03513719189363407, 0.07025466671279447, 0.03502758313673941, -0.0, -0.0, -0.0, -0.0, -0.0, -0.0, -0.0, 0.06268265300135281, 0.5764447490844863, -0.0, 0.03502758313673941, -0.0, -0.0, -0.0, -0.0, -0.0, -0.0, -0.0, 0.7349189359454107, 0.2084729931160756, -0.0, -0.0, -0.0, -0.0, -0.0, -0.0, -0.0, -0.0, -0.0, -0.0, -0.0, -0.0, -0.0, -0.0, -0.0, -0.0, 0.19088950134330007, 0.8962319716210237, -0.0, -0.0, -0.0, -0.0, 0.14509449241185612, 0.7100504703437547, -0.0, -0.0, -0.0, -0.0, -0.0, -0.0, -0.0, -0.0, -0.0, -0.0, 0.11058084476988708, 0.03502758313673941, 0.7793498372920851, 0.639391699204748, -0.0, -0.0, -0.0, -0.0, -0.0, -0.0, -0.0, -0.0, -0.0, 0.4770713062193297, 0.5764920703344968, 1.0256529628940023, 0.2783351156094124, 0.6949835615582953, 1.1616356130106067, 1.7402271048051887, 0.5668172587311646, 0.5220122097100208, 0.6710104099010297, 0.7578334077676067, 0.9444885341662053, 1.512644747821065, 1.191736386322698, 0.7454731382379105, 1.1350394420918481, 0.40821209351218357, 0.9850085311977639, 0.41697693522449336, 0.3972598317503402, -0.0, 0.06249197532681508, 0.2436341584736171, -0.0, -0.0, 0.35375172681130623, -0.0, 0.03491870568141903, -0.0, -0.0, -0.0, 0.3779734914861246, 0.03491870568141903, -0.0, -0.0, 0.26014536394771426, 0.3070428887831223, -0.0, -0.0, -0.0, -0.0, -0.0, 0.03491870568141903, 0.03491870568141903, 0.7147915072112228, 0.03491870568141903, -0.0, 0.3644181914855731, 0.16669320599306234, -0.0, 0.8850115820030207, -0.0, 0.6102984483962695, 0.21592959785496957, 0.26283202166283176, 0.2953519810440381, 0.03524753954071269, 0.06306780800385679, -0.0, -0.0, 0.2466197174867421, 0.8518965960562866, 0.03535863377341594, -0.0, -0.0, 0.2619466805217388, 0.5610394642317373, 0.0632623114020632, 0.03535863377341594, -0.0, -0.0, 0.11157438633209334, 0.23114980035504823, 0.7783400688712363, 0.035810634316102256, -0.0, -0.0, -0.0, 0.06466104967715193, 0.03615786754989353, 0.03615786754989353, -0.0, 0.13626594192957434, 0.6227463715024333, -0.0, 0.09026180301462226, 0.4160136940715534, -0.0, -0.0, 0.39682724427727323, 0.9508477685500036, 0.09026180301462226, -0.0, -0.0, 0.03615786754989353, -0.0, -0.0, -0.0, -0.0, -0.0, -0.0, -0.0, -0.0, -0.0, 0.03615786754989353, -0.0, 0.23519338181924143, -0.0, -0.0, -0.0, -0.0, 0.07252919001502826, 0.03639340337146427, 0.11432167035215779, 0.13668132042261708, -0.0, -0.0, 0.9407509427353251, 0.03639340337146427, -0.0, -0.0, 0.06507307495461, 0.13006012072076212, 1.0320222965567325, -0.0, -0.0, 0.34670327150101465, 0.15980645922291045, 0.06507307495461, 1.3763436129593152, 1.0558316985723444, 0.38262628491179085, 1.6172106578214303, 1.2701463150773895, 1.1703047850849897, 1.4644912981600253, 1.536436289727075, 0.6536130432062333, -0.0, 0.06507307495461, -0.0, 0.1952472231062222, 0.698242000802065, 0.8750077000902607, 0.49291577961610966, -0.0, -0.0, 0.06507307495461, -0.0, -0.0, 1.0449134404633231, -0.0, -0.0, -0.0, -0.0, -0.0, -0.0, -0.0, -0.0, -0.0, -0.0, -0.0, -0.0, -0.0, -0.0, 0.036512411627868314, -0.0, -0.0, -0.0, -0.0, -0.0, -0.0, -0.0, -0.0, -0.0, -0.0, -0.0, -0.0, -0.0, -0.0, 0.036512411627868314, 0.06528122535903776, -0.0, 0.036512411627868314, 0.23516322527141204, -0.0, -0.0, -0.0, -0.0, -0.0, -0.0, -0.0, -0.0, -0.0, -0.0, -0.0, 0.09111374134615435, 0.036512411627868314, -0.0, -0.0, -0.0, -0.0, 0.036512411627868314, -0.0, -0.0, 0.06528122535903776, -0.0, -0.0, -0.0, -0.0, -0.0, -0.0, -0.0, -0.0, 0.15145728212620585, 0.07324275929922312, -0.0, -0.0, -0.0, -0.0, -0.0, -0.0, -0.0, -0.0, -0.0, -0.0, -0.0, -0.0, -0.0, -0.0, -0.0, -0.0, 0.2706065262577151, -0.0, -0.0, 0.036512411627868314, -0.0, -0.0, 0.17392406038115896, -0.0, -0.0, -0.0, -0.0, -0.0, -0.0, -0.0, -0.0, -0.0, -0.0, -0.0, -0.0, -0.0, -0.0, -0.0, -0.0, -0.0, -0.0, -0.0, -0.0, -0.0, -0.0, -0.0, -0.0, -0.0, 0.41152435566527007, -0.0, -0.0, -0.0, -0.0, -0.0, -0.0, -0.0, -0.0, -0.0, -0.0, 0.06528122535903776, -0.0, -0.0, -0.0, -0.0, -0.0, -0.0, -0.0, -0.0, -0.0, 0.036512411627868314, -0.0, -0.0, -0.0, -0.0, 0.1952472231062222, -0.0, -0.0, -0.0, 0.036512411627868314, -0.0, -0.0, -0.0, 0.03687450625387198, -0.0, -0.0, -0.0, -0.0, -0.0, -0.0, -0.0, -0.0, -0.0, -0.0, -0.0, 0.03712022063964433, -0.0, -0.0, 0.14054838907193162, -0.0, -0.0, 0.03736947889021895, 0.23481996173267738, 0.09317131799548933, -0.0, -0.0, -0.0, -0.0, -0.0, -0.0, 0.11797101928377843, 0.06699980460833312, 0.9974341593529787, 0.42387562039484605, 0.6596606242581674, -0.0, 0.9966884793985815, 0.4083747423792689, 0.8106169577723618, -0.0, 0.5981506321209673, 0.7335017489629901, 1.2289084707659022, -0.0, 0.6515619190439496, 0.06699980460833312, -0.0, -0.0, -0.0, 0.0374954616578566, 0.9624731437548908, 0.36622435515517887, 0.3104474627249, 0.6358445730303339, 0.4149079159119793, 0.4021791902022728, 0.0374954616578566, 0.06699980460833312, -0.0, 0.695685204185696, 0.6696838271682962, -0.0, -0.0, -0.0, 0.6330066261205274, 1.2156487080032587, 0.11797101928377843, 0.18368939132229595, 0.40935135914775067, -0.0, 0.35739131218275444, -0.0, 0.6246538232507122, -0.0, -0.0, 0.20369718591808367, -0.0, -0.0, 0.4586858162005403, 1.1678361274305382, 0.06699980460833312, 0.5171010499157722, 0.970953885395945, 1.1296451776667813, 0.4262286569981449, 0.37123232664087563, 0.9182958340544896, 