{"taxa": 84, "sites": 691, "patterns": 428, "gaps": 0.5035000000000001, "invariant": 0.44862518089725034, "entropy": 1.2553320375446175, "column_entropies": [-0.0, -0.0, -0.0, -0.0, -0.0, -0.0, -0.0, -0.0, -0.0, -0.0, -0.0, -0.0, -0.0, -0.0, -0.0, -0.0, -0.0, -0.0, -0.0, -0.0, -0.0, -0.0, -0.0, -0.0, -0.0, -0.0, -0.0, -0.0, -0.0, -0.0, -0.0, -0.0, -0.0, -0.0, -0.0, -0.0, -0.0, -0.0, -0.0, -0.0, -0.0, -0.0, -0.0, -0.0, -0.0, -0.0, -0.0, -0.0, -0.0, -0.0, -0.0, -0.0, -0.0, -0.0, -0.0, -0.0, -0.0, -0.0, -0.0, -0.0, -0.0, -0.0, -0.0, -0.0, -0.0, -0.0, -0.0, -0.0, -0.0, -0.0, -0.0, -0.0, -0.0, -0.0, -0.0, -0.0, -0.0, -0.0, -0.0, -0.0, -0.0, -0.0, -0.0, -0.0, -0.0, -0.0, -0.0, -0.0, -0.0, -0.0, -0.0, -0.0, -0.0, -0.0, -0.0, -0.0, -0.0, -0.0, -0.0, -0.0, -0.0, -0.0, -0.0, -0.0, -0.0, -0.0, -0.0, -0.0, -0.0, -0.0, -0.0, -0.0, -0.0, -0.0, -0.0, -0.0, -0.0, -0.0, -0.0, -0.0, -0.0, -0.0, -0.0, -0.0, -0.0, -0.0, -0.0, -0.0, -0.0, -0.0, -0.0, -0.0, -0.0, -0.0, -0.0, -0.0, -0.0, -0.0, -0.0, -0.0, -0.0, -0.0, -0.0, -0.0, -0.0, -0.0, -0.0, -0.0, -0.0, -0.0, -0.0, -0.0, -0.0, -0.0, -0.0, -0.0, -0.0, -0.0, -0.0, -0.0, -0.0, -0.0, -0.0, -0.0, -0.0, -0.0, -0.0, -0.0, -0.0, -0.0, -0.0, -0.0, -0.0, -0.0, -0.0, -0.0, -0.0, -0.0, -0.0, -0.0, -0.0, -0.0, -0.0, -0.0, -0.0, -0.0, -0.0, -0.0, -0.0, -0.0, -0.0, -0.0, -0.0, -0.0, -0.0, -0.0, -0.0, -0.0, -0.0, -0.0, -0.0, -0.0, -0.0, -0.0, -0.0, -0.0, -0.0, -0.0, -0.0, -0.0, -0.0, -0.0, -0.0, -0.0, -0.0, -0.0, -0.0, -0.0, -0.0, -0.0, -0.0, -0.0, -0.0, -0.0, -0.0, -0.0, -0.0, -0.0, -0.0, -0.0, -0.0, -0.0, -0.0, -0.0, -0.0, 1.0, 1.0, 1.0, 1.584962500721156, 1.584962500721156, 1.584962500721156, 1.5219280948873621, 2.584962500721156, 2.2516291673878226, 2.2516291673878226, 2.2516291673878226, 2.128085278891394, 2.4508257945180882, 1.8640054628542204, 2.893344863722962, 3.3226807257397644, 2.41910975601856, 3.2452749574442357, 3.016735577283109, 2.2812732034817014, 2.8453509366224363, 3.3395722619867225, 2.1535986717076065, 2.453742797188502, 3.163156715588727, 3.2151268002318423, 3.2007613201665595, 2.7896734928720126, 2.513000477729822, 3.025734711775325, 1.014659390736598, 2.8752769399874505, 2.462932639970675, 1.0, 2.304971819176383, 1.9756781842249256, 2.5212564743429935, 2.2871479905764707, 1.4737175680920154, 2.618568508042059, 3.052761314161567, 2.0539517622709798, 1.041843327425513, 2.8260198670385908, 1.9243355551010284, 1.285216130463258, 1.7962927734299337, 3.2395425711504395, 2.9435370018734335, 1.5336410393131512, 0.4176624996157581, 3.1139150951648333, 1.2649261372592564, 1.2013757559060492, 2.4176665040167142, 2.3076191495100606, 0.9397279878897785, 1.5925039029016401, 1.9284486119635658, 0.8077512443125945, 2.2484660674627013, 2.172985012479472, 2.552135428711748, 2.3330366056099896, -0.0, 2.7253041392052504, 1.7779274754966599, 1.165894208390024, 1.4609221921706794, 1.3614289488664846, 2.6077359828750475, 1.979278614492784, 0.09317131799548933, 0.3476239990765105, 0.3685236238979135, 1.1979955518242238, 1.0351394350962613, 2.1061506155592236, 2.2151057654177926, 1.9086203112790918, 1.8565101569320677, 2.4971857899891656, 1.7900192730329534, 1.3266578948011136, 1.859571471002774, 3.164883712881418, 3.4430273748682105, 2.022106112739839, 2.1491803456988015, 3.2565662766895427, 1.3444994557172414, -0.0, -0.0, -0.0, 2.5828735345506004, 1.3819433665067624, 0.6680020534726591, 2.405198218546346, 1.484405742827569, 1.0481196920258642, 2.240553445239131, 2.166990269378391, -0.0, 1.1856161633204378, 2.3831442687722117, 2.293295346645077, 2.0916727785823275, 1.0, 1.9492150557701984, 2.54495310350122, 2.315401557052946, 0.9850198107720389, 1.631806588275392, 2.641954751114755, 2.1549558929097032, 0.4399521953264849, 2.6706806630170856, 2.7825763024335504, -0.0, 2.0, 2.7055188290959817, 1.5396739536916482, 1.7538832316809752, 3.091273829141502, 2.7847614713912945, 2.357641572755748, 2.538474366059598, 2.7327626060936696, 2.950848028519548, 3.1496508780407937, 1.9630040973688596, 2.48174136880878, 3.504647485625432, 3.447104751067007, 2.2693872638856734, 2.571092989203743, 2.4068282051536873, 2.508908291073384, 1.836104661779022, 2.972386133278625, 2.1644465313747543, 1.9958052067269367, 2.4653201830861446, 2.68425261590066, 1.2008952773612127, 1.8437087930089153, 2.7774123660768977, 2.6692828177915593, 2.468642655794603, 2.6414127202446243, 2.6309992437066563, 2.5588712331906414, 3.1236208782862245, 3.1878914232023754, 2.9604509026049066, 2.5292217949421394, -0.0, 2.777776811456786, 2.646782221599798, 2.251629167387823, 2.2623623773882575, 3.417693960242673, 3.36232299089531, 2.9253289702885414, 2.7703669952086187, 2.484081353967379, 2.64580940189039, 1.0, 1.5, 2.6414860288749225, 1.9465596617009058, 1.9731526958704992, 2.4781958584317727, 3.2876531544284933, 1.504366651994891, 2.7949981690135965, 2.5781916056183514, 1.6701744281524686, 2.7044254219664268, 2.5512248770215935, 2.9259191754815372, 0.9609531358282069, 2.6390606482259376, 2.842518910187075, 1.550641276133855, 2.455304728420159, 2.697536244983902, 2.7153148120424313, 2.770051405175918, 3.3389604816084653, 1.0, 2.886098512329882, 3.504512898922841, 3.053343104914807, 3.337570085055966, 3.4162965289575804, 2.459933067292721, 2.8625116829379373, 1.2152980892549257, 3.5555538902279675, 1.8676338909712125, 2.2810361125534233, 1.6577427265048887, 2.437867242478194, 3.3722679200316676, 3.5929441480823767, 2.5710478072069685, 3.478490678955174, 2.7213503610073975, 3.136219267851495, 3.216725816107903, 3.4497941847990625, 2.457332366364549, 3.3444544046011213, 2.76340148917955, 3.0793284612147693, 2.982907447730556, 2.9455849989989367, 3.2334832688964474, 3.0383201891060003, 3.024397470347699, 1.9219280948873623, 3.699237837122625, 3.4789109119291375, 3.548769360356317, 3.7308058494487293, 2.284660662610676, 2.632094691050534, 3.366004669802981, 3.4800403371814377, 2.0623287190952992, 3.147461599559254, 3.2739185076646313, 3.3739399193001045, 1.4853641885791955, 2.3925943756458325, 2.4576545824390164, 2.6333971225389483, 2.125703572484879, 2.72845588416143, 2.1622304952378553, 2.107988827265711, 2.7407439091449635, 2.8583213406681622, 1.9838110149743087, 0.6808387136950378, 2.94619817556757, 3.0133360402028013, 1.5376600803559277, 2.563501293188768, 3.580688360693653, 2.469780772870424, 1.3649558834174422, 2.958891263158797, 3.2094074257628638, 1.676776143269432, 1.8840281019126395, 3.619921114338725, 3.1622183503331858, -0.0, -0.0, -0.0, -0.0, 2.1188406010621343, 1.0662825062669044, 1.6021534750249415, 2.2423217605091534, 2.8199542231571653, 1.6647008667294334, 1.794943227688203, 1.4550605871130307, -0.0, 2.244773012277057, 2.5304329573219513, 1.968146709509275, 2.3519225541504967, 0.7781042816653333, 2.4785623297940376, 2.051954051318385, 0.5600443203590992, 0.8281872681716662, 1.060737476418118, -0.0, -0.0, 2.0185414540355997, 1.577848261216492, 1.5857069438422706, 2.3527276895256524, 2.1841785001327043, 2.3780359619102502, 0.5673477664017261, 1.7631517533993046, 0.9245962370803267, 2.775569502383149, 1.2250623352023116, 1.742154371650095, 2.675928946843532, 2.535670352763676, 1.284489011098592, 0.2550811104733483, 1.914198337117981, 1.335359276610845, 2.0741676923017405, 1.3571305013426214, 1.8095571477267576, -0.0, 1.5596983840323855, 0.09317131799548933, 2.7933953331239434, 1.0856634549100892, 1.5124149895300072, 2.691635036107306, 2.321694548843202, 2.2287277703197876, 1.5734487019077108, 2.6080730553050055, 2.6438884079611684, 2.6964405525597717, 0.1623261801753929, 2.3232829818130107, 2.326847216814391, 1.2907778392908935, 2.549652159449228, 3.0223907784666486, 0.861221228726323, -0.0, 1.8832785007118256, 1.5635615379162, 2.0501161929569682, 3.0736574322141745, 2.9311274774179066, -0.0, -0.0, 2.4186103360093667, 2.742043855335269, 3.6213541402069263, 3.49600306768128, 2.839661592120463, 2.9552550253569687, 2.599567970752261, 2.689517108731464, 2.5885293044557374, 2.8837962786180533, 3.052752467569299, 2.0833872560607953, 2.687219902989991, 2.383683286942359, 