{"taxa": 91, "sites": 323, "patterns": 310, "gaps": 0.0, "invariant": 0.07430340557275542, "entropy": 1.4105972138224618, "column_entropies": [1.0533741344180432, 2.6533831832703307, 2.9186523247918066, 1.9230770934762713, 2.9040178254422693, 2.696724220383368, 2.4779766904444824, 0.23933329470328796, 2.2946540687077563, 0.20905980566852453, 2.7482720389007467, 1.6385347683460139, 0.9636287164053321, 1.8824189942568568, 0.8686719840772927, 0.26014536394771426, 2.0146462239027176, 1.3166117139735019, 0.8181040403923113, 1.3872891881190212, -0.0, 2.848387073203548, 0.9719033318294745, 1.1164393215669945, 1.976527966449167, 2.5057597000693925, 0.47724785716355367, 0.5152752514219615, 2.410661019797409, 2.0192016142575473, 0.08728058888363333, 0.7495673972757169, 2.4502069059559886, 1.448430418092017, 0.7217726169132903, 0.9077367787440096, 0.640946724770584, 0.9633238979607261, 0.7950249585463185, -0.0, 1.0907779276012477, -0.0, -0.0, 0.6818537660497328, 0.9534158774525225, -0.0, 1.8332763337927824, 1.0044702669531058, -0.0, 0.7332819586588173, 1.197881494777844, 0.17438502090188973, 2.372264702765954, 1.3665515088494355, 0.15240699892386775, 1.040765081551113, 1.6668752012096175, -0.0, 1.657362055200149, 2.1157073762535994, 1.4129907610216492, 1.7197618790870077, 1.320489255246185, 2.1755301403077567, 2.379266271904639, 1.4883191806816807, 1.7938079268357447, 2.505201423452492, 2.0763750269866073, 0.3070428887831223, 1.0400169067508087, 2.682865203079031, 1.8229973913335975, 0.9749044438892756, 1.3993548441479469, 2.29290377937805, 1.5433671927547494, 0.6708561590207726, 2.767405163410533, 2.218648958867134, 0.5625393752025973, 0.5635209604940845, 2.9789737638253375, 1.5092866121049673, 1.5916620853221373, 1.1047519855387535, 1.9876079931427955, 1.9150692863839966, -0.0, 1.3026833443295398, 2.680665801198755, 1.6476851125633054, 0.17438502090188973, 0.5563229161858032, 1.1533267721948022, 0.4126433335571532, 1.4884488776592948, 0.3467092676230873, 1.2328769200813945, 2.241871957638467, 1.4326908132266818, 0.6836333313416509, 1.5805302594258994, 1.6490544596090189, -0.0, 0.7709557540686486, 0.7971197781654771, 1.8967252399017134, 0.7664279292536686, -0.0, 1.2770119917367915, 1.9283342333936662, 2.2680004533048645, -0.0, -0.0, 0.6008951870816129, 1.8823808215413986, 0.6836333313416509, -0.0, 1.53025576621288, 1.559417950730587, 1.9409161027513833, 1.5835559991455732, 2.475178150352311, 1.9780081421492572, 0.9453095953264212, 1.9164331748725483, 0.6052861478712814, 1.5529266001941724, 0.15240699892386775, 1.1525874686275892, 0.8430872436723786, 0.2613113166813099, 0.6475647162436498, 0.15240699892386775, -0.0, -0.0, 0.5318826028800232, 1.0133958278786561, -0.0, 1.2957416421232304, 1.3266488832336487, 2.260489728914208, -0.0, 2.581607956401247, 2.0873961177883573, 1.4155101727908095, 1.326231140706195, 1.9885087671221722, 0.5410831145603876, 1.2875402905710849, 1.5871452882026986, 2.3385055809846342, 2.6274375629758366, 1.6305091759824157, 2.435044797313041, 1.379569095699371, 0.47724785716355367, 0.2958059408470167, 1.8783570816421873, 2.216516764710004, -0.0, 1.135680540064806, 0.7576405457446753, 0.3823698445223898, 0.2958059408470168, 2.0763013700907793, 1.6126403054565344, 1.1883511105854927, 3.145369093995529, 1.9455355780590857, 2.4895155137391383, 1.0674657030093475, 1.5469369795153998, 1.4731307406475396, -0.0, 0.8506241131069519, 0.7495673972757169, 1.2850730264184018, 1.5672124323488197, 1.1153227945788884, 0.15240699892386775, 1.0987814463059178, 0.9113772053925466, 0.15240699892386775, 0.3260794298817802, 1.1896813733935248, 1.658874818182552, 1.843335770326721, 0.3934224418894494, 1.403114889376919, 0.9261820092597852, 1.3217810999912214, 2.806507890632373, 0.9843655689368016, 2.5752859864685873, 1.9657615679604488, 1.3412510911981914, 1.3035751801601865, 2.1698769528792896, 0.9588869727381646, 1.6422314529343587, 1.4325826188455153, 1.1727767744115274, 0.6171086301876918, 2.2982932202576394, 2.287272672348153, 0.26014536394771426, 1.0631041646747614, 1.04518114577968, 2.0387076717877255, 1.0496638501349342, 1.1227185414150556, 1.8376360300794894, 1.9478564317406064, -0.0, 0.3823698445223898, 0.8851355290748375, 2.297174961660576, 2.5268076906031887, 0.15240699892386775, 2.2074490213372786, 1.9955656674692042, 2.490006382462907, 1.9457892370150516, 3.214186556148314, 2.9690493635656567, 0.23933329470328796, 1.5149849945320066, 2.8020195295379606, 3.00033036519701, 0.7684238958490475, 3.0885773062705977, 2.8948535519703094, 1.6391352298116642, 0.9858828217798421, 0.9149491941539261, 1.2616535729202323, 1.807692003564501, 2.425584920535547, 3.0292359116066234, 3.264432525743164, 0.23933329470328796, 2.6608474618343507, 1.0901097604089247, 1.1620851731940371, 2.7095839834370197, 1.939210017690931, 0.664341369968048, 2.0017005994963015, 1.9220460400599744, 1.7566352387185522, 0.23933329470328796, 1.6784547014667541, 1.297108752276335, 0.2613113166813099, 1.0245522685618895, -0.0, 1.7303456575844613, -0.0, -0.0, 1.0674657030093475, 0.26131131668130997, 0.08728058888363333, 0.23933329470328796, 2.2656449694279717, 1.2517291077680828, -0.0, 1.9832174512553742, 2.930816824337122, 1.2591998331713765, 1.8415272834720868, 2.9199190335910576, 0.9858828217798423, 0.9082109738013198, 1.1909664946022307, 0.36039182254436786, 0.9524248701563883, 1.7693435258186478, 1.4091555445445247, 1.0574297383778068, 2.606252113835637, 1.1284047002386597, 1.2987555813396825, 0.39124356362925566, 2.9324197965310637, 2.3952022166653837, 1.3530620179459143, 0.15240699892386775, 0.23933329470328793, 0.6461931891504302, 2.5162279894154214, 2.544750828878062, 2.8662750305243163, 0.7125870790401709, 2.367685410688813, 2.623434373932382, 2.6537147338451814, 1.8949525680163806, 1.686673476803834, 2.9202820015030118, 2.0244695231552963, 1.2449438917982443, 1.7235526528373581, 2.9673500726744337, 1.4400005230874815, 1.8187777798983569, 0.8731400620871075, 1.9164173855663222, 2.646170608446427, 3.3217034137537462, 2.461387003287066, 1.8507278824244267, 3.2149134331423226, 3.186023289564826, 1.0631041646747614, 0.44677137565069497, 2.907103724840974, 2.494096582250454, 1.2714611405749638, 2.1162205049958196, 1.9007393726973727, 2.0050087236719616], "bollback": -1845.203834913946, "treelikeness": 0.21914075015726384}