{"taxa": 194, "sites": 665, "patterns": 652, "gaps": 0.294, "invariant": 0.15639097744360902, "entropy": 0.9373337885764609, "column_entropies": [-0.0, 0.8484510659343207, 0.4643886579588753, 0.939047906617364, 0.3353942964292546, 0.065490821314727, 0.9774751175067106, 1.420478484878054, 0.4876598184389951, 0.5924316987214517, 0.065490821314727, 0.5357460756214141, 0.065490821314727, 0.15935006268563445, 0.065490821314727, 0.1308942692211994, 0.3110695617180407, 0.065490821314727, 0.759577245440623, -0.0, 1.04915922215021, 1.0963170762188224, 0.065490821314727, 1.1831538441742713, 0.24593240594448768, 0.37905706020874147, 0.5640465901424107, 0.6559420757694149, 0.13006012072076212, 0.13006012072076212, -0.0, 0.5381411852224502, 0.6732994089189621, 0.06507307495461, 0.993844848434754, -0.0, 0.5301132835055914, 0.5595440356886701, 1.0752950325081752, 0.5486619747577953, 1.3028916751567916, 0.223197367927278, 0.8305578687154049, 1.168637799426579, 0.4586890727413032, 0.3456786617920936, 1.5803468789197153, 1.6246975319184762, 0.06591441234324169, 0.8181526859725857, 0.11611507530476972, 0.9913533102170101, 0.06591441234324169, -0.0, -0.0, 0.5596580265582386, -0.0, 0.065490821314727, 1.7595176169551552, 1.442847232044889, 0.24438881025161235, 0.06466104967715193, 0.06466104967715193, 0.24136381632815038, 1.0344964773104632, 0.06425462540840808, 0.8659653498997097, -0.0, 0.25982627678220294, 0.1773614227705763, 0.06425462540840808, 0.6554769057642311, 0.06425462540840808, 0.12842581864861186, 0.38705142139219784, 0.4242299320244277, -0.0, 0.06385368546122085, -0.0, 1.5386884135902563, 0.06385368546122085, 0.06385368546122085, 0.23841892408688367, 0.3291124180535675, 0.3267404574399217, -0.0, 0.1936428046838986, -0.0, 0.11190990870168403, 0.1936428046838986, -0.0, 0.5556284989719547, 0.357164634742142, 0.06385368546122085, 0.43722227220134136, 0.5896710269634857, 0.06385368546122085, -0.0, -0.0, 0.17627630246585818, 0.7089887204806401, 0.06385368546122085, 1.0896940289460133, 0.39121971002771205, 0.42150322003117446, -0.0, 0.06306780800385679, -0.0, -0.0, -0.0, 0.6006834168468114, -0.0, 0.8846781964862134, 0.5735236053846947, 1.1811805194604341, 0.12377846829957365, 0.061927388911559245, 0.4972450994603206, 1.2497806977560542, -0.0, 0.9008257817868238, -0.0, 0.06155707966316687, 0.10865045858255667, 0.06155707966316687, 0.9933242632998518, -0.0, 0.12303894779118976, -0.0, -0.0, 0.12303894779118976, -0.0, 1.1507767739918373, -0.0, 1.6172724024273417, 0.061927388911559245, 0.5343776954337274, 0.061927388911559245, 0.061927388911559245, 0.7699581687910132, -0.0, 0.9133525990767272, -0.0, -0.0, 0.1099291223629926, 0.11058084476988708, 0.27602543144607905, -0.0, -0.0, 1.5859493421413604, 0.3248913377595202, 0.3244974102355341, 0.36570448593971977, 0.06306780800385679, 0.21529437612181498, -0.0, -0.0, 0.06268265300135281, 0.12528672712282823, 0.1260558642978071, -0.0, 0.06385368546122085, 1.1395791015364154, 1.8962653955485202, 1.0213036645740956, 0.19033530483907996, 1.0725449102959679, 0.580208033800268, 0.41356468369718047, 0.2413638163281504, 0.17846116947638163, 0.06507307495461, 1.2434484564475974, 0.06507307495461, -0.0, 0.4126370960138599, 0.8682058004722226, 1.2454225886501331, 1.099914358489594, 1.0250245889262612, 0.11759466565886476, 0.44224578333652587, 0.2711693128779093, 0.48217919020227284, 0.3379177739929249, 0.5976059584249989, 0.3935242985522613, 0.730687959108182, 1.2682185728510513, 1.0370389260641795, 0.3188980781983739, 1.2323030646463848, 0.30700523426879667, 1.9163622123272923, 0.8729404749710019, 1.1013571015191268, 0.48517800547157186, 0.2117925838096945, 0.8112781244591328, -0.0, 0.9182958340544896, 1.8676338909712122, 1.1846963219298643, 1.5410143839354493, 2.070033974755251, 1.6917164771710804, 1.766544146845053, 1.1008237413397497, 1.9726172473288393, 1.8331785422963167, 1.0457068222346404, 1.2395130255694522, 0.5188884504811594, 1.6600636421920814, 1.0807001246925854, 1.3297729184845593, 1.2049307765206656, 0.639141982863168, 1.1570405664146095, 0.11678859808514896, 1.1767397256494505, 2.3676838607873236, 0.7397304693723905, -0.0, 2.281540893036173, 2.003217148988082, 0.8946893399883659, 1.2103147156240808, 1.3135174810848924, 1.9338875899836059, 0.9075720412277293, 1.2801271433873278, 1.5249388489749987, 0.8913688166577025, 1.1687238064873409, 1.2089441524979876, 1.3756325935118432, 1.3641482840446097, 1.6360914565549725, 1.1949343017639829, 0.9738354819891415, 1.018557373966532, 1.3557109612574663, -0.0, 2.0845758879707392, 1.6537198840995164, 1.4336186419685113, 1.6238023110436202, 1.4639950511615132, 0.09549123781111851, 1.8054454330170089, 2.480396578365575, 1.273890064397452, 1.3097115082241364, 0.24083691703094087, 1.1959694605211322, 1.4103800231284926, 1.573758202185845, -0.0, 1.7078553589123344, 1.817106726321716, 1.595412444775902, 0.8992089544402508, 1.2857524569306902, -0.0, 1.493468531932103, 1.859243319104528, 1.7122327360049077, 0.05204608477482437, 1.2061689662564283, -0.0, 1.5847913676750027, 0.1035330720105227, 1.2687313117216457, 0.6539844450064771, 1.4825695098107228, 0.970032634512733, 2.617319475518625, 2.126434848304717, 0.050798721674164604, 0.43187777633354285, 2.4433408723168135, 1.0312885444378848, -0.0, 0.23666968899044433, 2.3660995203985182, -0.0, -0.0, 1.9157003983898537, 1.857140603897515, 1.940892450587735, 0.7585227812799078, 0.4112110219791314, 1.903490620759872, 1.3047071478645331, 1.3380479455904097, 2.282064174048015, -0.0, -0.0, 0.8875836108861528, 0.8251857469446139, 0.2623112196143366, 0.18312206830137276, 0.846458041178714, -0.0, 1.6494530502614482, 1.5820014192382492, 2.786736454227938, 1.2245297842354896, 1.8917715960717043, 2.1374194655425787, 2.641936742871565, 1.3701418412152495, 1.1033524506123356, -0.0, 2.3694100916004643, 0.9414575029744829, 1.8717519872239246, 1.8904456866338777, 2.4575431864318436, 1.592990926345439, 0.3232214546900336, -0.0, 2.396303479691086, 1.360575522664642, 2.202573820997695, 3.1842188865777623, -0.0, 0.3589345146083588, 0.4794000856418492, 1.5045729628088398, 1.3344096309523277, 1.865249791869992, 0.49559186098696384, 1.478241923874692, 1.1233361024454906, 2.4119517579738337, 2.626384303742181, 2.757833427486011, 2.242961328529545, 2.606775593594762, 0.8511691319068831, -0.0, 2.1340478928519384, 1.1707545020517902, 0.6601574005432118, 0.11911602665564835, -0.0, -0.0, 0.766290971969998, -0.0, -0.0, 0.49065286234264216, 0.04805200605825788, -0.0, 0.7995742853349324, 2.885727875572111, -0.0, -0.0, 2.645041502783288, 2.224156830482801, 2.14234997780711, -0.0, 1.229323769001529, -0.0, 1.4987955871430447, 1.3752813060083684, 2.1349847617999917, 1.8760759928920052, -0.0, 0.9884676440251461, -0.0, 1.4032880083077073, 1.954040653956035, 3.2788879812277365, 1.630841235591613, 2.166042970578625, 2.9154780631055837, -0.0, 2.346064847108728, 1.9418115305593053, 1.6721334163320236, 2.3970137790468, 2.6829762660684042, -0.0, -0.0, 1.379999706711026, -0.0, -0.0, 2.426812278016313, 2.090974479783222, 2.080762662374364, 0.500909499090762, 1.6885224089023476, 2.3429234880986387, 0.9524521973646325, 0.8445318606576486, 1.5470459357025115, 2.2920322161044724, 2.240795475322378, 2.006128232813218, 0.419921097375718, 1.9741085572470787, -0.0, 1.0440119658346279, 1.3220568260238184, 1.4926829832538142, 2.145183331422487, 0.46261804419155217, 1.0448671855487972, 1.1068093115484805, 0.7219733690855767, 0.09478874456570671, 1.1755996247488347, 0.6726868881516943, 0.05031761290692778, 0.9528588097297788, 1.5646202824487205, 0.2227764483892258, 0.9767760065324899, 0.475472597195809, -0.0, 2.026210746579479, 1.1355000759903706, 1.1367998293996695, 0.9677006817666207, 2.3969817686445665, 0.2579991163999737, -0.0, 0.3372900666170139, -0.0, -0.0, -0.0, -0.0, 0.17800689613931447, 0.6279888485543177, 1.8629783752749753, 1.2086370217536846, 0.9715727857825953, 1.9157477433759251, 1.488596843026843, 0.3979106904749933, 0.1333361715748539, 1.175677811659221, 0.42603085940282626, 