{"taxa": 228, "sites": 1131, "patterns": 779, "gaps": 0.021, "invariant": 0.32891246684350134, "entropy": 0.4948015522532292, "column_entropies": [-0.0, -0.0, -0.0, 0.18927843126120164, 0.07854289760262752, 0.1221059662246669, 0.08784784987309699, 0.19573397770600923, 0.07792468135188606, 0.12114170717869245, -0.0, 0.24777453631863716, -0.0, 0.04256591576655208, 0.6213493497433298, -0.0, -0.0, 0.3602750564216626, 0.042073896124598394, -0.0, 1.6477682285127262, 0.042073896124598394, 0.18835407972898666, 0.6293562394140446, 0.042073896124598394, 0.042073896124598394, 1.5801590847632023, 0.7288660932319175, 0.042073896124598394, 1.2350376673216994, 0.24821566066328205, -0.0, 1.3873127007358848, 0.04223653835283453, 0.042073896124598394, 0.15705383784646, -0.0, 0.042073896124598394, 0.9048725043152752, 0.22305687068918645, 0.2890912439943912, 1.103200263720323, -0.0, 0.042073896124598394, 0.9873138848093352, 0.5640499822177065, 0.644694043811662, 1.1232151270947606, 0.11699847299245565, 0.042073896124598394, 0.667498359497258, 0.7643434089266539, 0.042073896124598394, 0.5214236131846622, 0.409855370318405, -0.0, 1.0552912843916062, -0.0, -0.0, 0.94837664783963, 0.5256745442385802, -0.0, 1.7784145654920094, -0.0, -0.0, 0.9467101590878527, 0.854466337938453, -0.0, 1.1310602182149956, -0.0, -0.0, 1.3253441455666266, 0.47118868275713993, 0.2679762892363984, 1.5532280504122462, -0.0, 0.042073896124598394, 0.9905792930494679, -0.0, -0.0, 0.9745674657668881, -0.0, -0.0, 1.2652328078347903, 0.4231720313569016, 0.9981793584811882, 1.2859584453869135, 1.3901880306923116, 0.9793107479204367, 1.0135043711563183, -0.0, -0.0, 0.2873660131246555, -0.0, -0.0, 0.7991036843590511, -0.0, -0.0, 1.0256292196552073, -0.0, -0.0, 1.4323109682923463, -0.0, -0.0, 1.1518645268811305, 0.3602750564216626, -0.0, 1.7936061341460812, 0.5515229318731327, -0.0, 0.9090581684452266, -0.0, -0.0, 0.9489566043078475, 1.0365404746337803, -0.0, 1.2286613675228115, -0.0, -0.0, 0.9793107479204367, 0.862156782460094, -0.0, 0.46160025595298526, 0.6173924386712585, 0.566913850422496, 0.732837200906117, 0.47266669962048335, 0.07498515348038796, 1.4021638429735002, 0.042073896124598394, -0.0, 0.6612545276921005, 0.11699847299245565, -0.0, 0.8715939873751148, 0.8233153277120729, 0.042073896124598394, 1.2324059466720136, -0.0, -0.0, 1.662820914051264, -0.0, -0.0, 1.3391696271503841, 0.9540123575725203, -0.0, 0.8113233003401212, -0.0, -0.0, 0.9635807532402321, 0.9432879660930162, -0.0, 0.8084784899208128, 0.042073896124598394, -0.0, 1.3564461505272458, -0.0, 0.042073896124598394, 0.8829589691462253, -0.0, -0.0, 0.865693994199322, -0.0, -0.0, 0.9573294376292971, 0.1498488739311553, -0.0, 0.6361550892496843, 0.042073896124598394, -0.0, 1.6768554797517878, -0.0, -0.0, 0.9981793584811882, 0.18116640155354563, -0.0, 1.031269889536158, 0.2626777955956206, 0.042073896124598394, 0.9710015666905292, 0.042073896124598394, -0.0, 1.118894842498698, -0.0, -0.0, 0.8520297956871493, -0.0, 0.042073896124598394, 0.9992629000732495, 0.042073896124598394, 0.042073896124598394, 0.9139453205509591, 0.042073896124598394, -0.0, 1.4718680501291885, 0.042073896124598394, -0.0, 1.6269706891008284, 1.0365404746337803, 0.9747509363724066, 1.4631064607875972, -0.0, -0.0, 0.8884265216829281, 0.042073896124598394, -0.0, 0.9394532068181356, 0.042073896124598394, 0.042073896124598394, 0.622826754587341, -0.0, -0.0, 1.2298927544632765, -0.0, -0.0, 0.9720089973112731, 0.042073896124598394, -0.0, 1.6333332465684336, -0.0, 0.18116640155354563, 0.9354872668926244, 0.08411757357171216, 0.042073896124598394, 0.9505668528932194, -0.0, -0.0, 1.2559687875760277, -0.0, -0.0, 0.5515229318731327, 0.7397847699915503, -0.0, 1.6163520941796075, 0.042073896124598394, -0.0, 0.9333702706541176, -0.0, -0.0, 1.831957620620083, -0.0, 0.6858366124514181, 0.9987813930727558, 1.6958496826286384, 0.10441907800540785, 1.6014345479209737, -0.0, -0.0, 0.9835585673909616, -0.0, -0.0, 1.1500030346281442, 0.042073896124598394, -0.0, 0.7829924501610912, -0.0, 0.042073896124598394, 1.3196087328169446, 0.042073896124598394, -0.0, 0.42363153050047364, -0.0, -0.0, 1.3879488144706074, 0.11699847299245565, -0.0, 0.7866521156291693, -0.0, 0.042073896124598394, 0.8339627897662304, -0.0, -0.0, 0.8773485430995098, 0.22114305681456603, -0.0, 0.7829924501610912, -0.0, -0.0, 0.989589591111462, 0.8767165223816087, 0.042073896124598394, 1.010749497602983, -0.0, 0.042073896124598394, 0.9573294376292971, 0.3594622930265727, 0.10441907800540785, 1.2408978542974665, -0.0, 0.042073896124598394, 0.9745674657668881, 0.47044137903986444, 0.042073896124598394, 1.0036673211086828, -0.0, 0.10441907800540785, 1.4457431154162572, 0.042073896124598394, -0.0, 1.4828383751011744, 0.042073896124598394, -0.0, 1.1270362393143147, 0.47044137903986444, -0.0, 1.4188455188748172, -0.0, 0.042073896124598394, 0.9605187074766162, -0.0, -0.0, 0.9987813930727558, 0.042073896124598394, -0.0, 1.6588789662989143, -0.0, -0.0, 1.659866750611413, -0.0, 0.07498515348038796, 0.8202000058345458, 0.4434533680487063, -0.0, 1.654773320969786, 0.14640189903543172, 0.042073896124598394, 0.9793107479204367, -0.0, 0.07498515348038796, 0.7065517622987234, 0.042073896124598394, 0.042073896124598394, 0.7907620267860889, 0.042073896124598394, -0.0, 0.8038631018184705, -0.0, -0.0, 0.24729443986205676, -0.0, 0.08411757357171216, 1.0106875247437248, 0.07498515348038796, 0.07498515348038796, 0.975933291964322, -0.0, -0.0, 1.9347448079089717, 0.042073896124598394, 0.042073896124598394, 1.6035691873428999, 0.48471831788477115, 0.17353621444206185, 1.5465012561656626, 0.5407467345402864, -0.0, 1.7809688707309244, 0.8339627897662304, -0.0, 1.7572052090554215, 0.2890912439943912, -0.0, 1.8867737528256108, 0.8829589691462253, -0.0, 1.201098384934795, 0.14640189903543172, 0.08411757357171216, 1.427211873205826, -0.0, -0.0, 0.823315327712073, 0.20414495539203442, 0.2261481152303238, 0.9313893784092913, -0.0, 0.042073896124598394, 1.2787514713792028, -0.0, -0.0, 0.7518125022273598, -0.0, -0.0, 0.9895895911114622, -0.0, -0.0, 1.9366609445382972, 0.042073896124598394, -0.0, 1.3841325199739687, -0.0, -0.0, 0.9966132830150962, -0.0, -0.0, 1.800815757764162, 0.24729443986205676, -0.0, 1.6895378733206847, -0.0, -0.0, 1.0613076571239646, 0.042073896124598394, -0.0, 0.7327525499549904, -0.0, 0.042073896124598394, 1.6585612092195403, 0.042073896124598394, 0.042073896124598394, 0.47044137903986444, -0.0, 0.07498515348038796, 0.8058049113482652, -0.0, 0.08411757357171216, 1.4802392313231638, 0.08411757357171216, 0.042073896124598394, 1.0365404746337803, 0.042073896124598394, 0.042073896124598394, 0.37723824138843015, -0.0, -0.0, 1.7263244898292969, 0.08444257951404002, 0.07498515348038796, 1.1710407183035527, -0.0, -0.0, 1.323832773033995, 0.042073896124598394, 0.042073896124598394, 1.2647579007747107, 0.042073896124598394, -0.0, 0.7145617201840295, -0.0, -0.0, 1.3836370596044176, -0.0, 0.14640189903543172, 0.9605187074766162, 0.5256745442385802, -0.0, 1.7993131664418476, 0.9849806392533131, 0.042073896124598394, 1.231423270364341, -0.0, -0.0, 1.3539284171588102, -0.0, -0.0, 1.3400023076813186, 0.07498515348038796, 0.042073896124598394, 1.8790608152269672, -0.0, -0.0, 1.7174919562571005, -0.0, -0.0, 0.9998646331239298, 0.6493259551845358, 0.042073896124598394, 1.1394251187390592, -0.0, -0.0, 1.6228402826363455, 0.409855370318405, 0.042073896124598394, 1.0138638358303849, 0.5762914612174369, 1.0274397450514012, 1.5504546197263613, 0.5515229318731327, 0.042073896124598394, 1.5462119980560625, 0.042073896124598394, 0.042073896124598394, 1.7553663711416818, -0.0, -0.0, 0.5762914612174369, -0.0, -0.0, 0.48471831788477115, -0.0, 0.042073896124598394, 0.9873138848093352, 0.042073896124598394, -0.0, 0.5640381352103987, -0.0, -0.0, 1.953376202667533, 0.042073896124598394, -0.0, 1.7738346718237517, -0.0, -0.0, 0.8596472019757317, -0.0, -0.0, 1.041980544592077, -0.0, 0.042073896124598394, 0.6439997966343302, -0.0, -0.0, 0.9966132830150962, -0.0, 