{"taxa": 105, "sites": 899, "patterns": 869, "gaps": 0.43079999999999996, "invariant": 0.09788654060066741, "entropy": 2.2216883944549735, "column_entropies": [-0.0, -0.0, -0.0, -0.0, -0.0, -0.0, -0.0, -0.0, -0.0, -0.0, -0.0, -0.0, -0.0, -0.0, -0.0, -0.0, -0.0, -0.0, -0.0, -0.0, -0.0, -0.0, -0.0, -0.0, -0.0, -0.0, -0.0, -0.0, -0.0, -0.0, -0.0, -0.0, -0.0, -0.0, -0.0, -0.0, -0.0, -0.0, -0.0, 1.0, 1.0, 1.584962500721156, 1.584962500721156, 1.5219280948873621, 1.3709505944546687, 2.321928094887362, 2.1556390622295662, 2.1556390622295662, 1.811278124459133, 2.75, 1.7527152789797045, 2.4193819456463714, 2.197159723424149, 2.4193819456463714, 1.8423709931771084, 2.521640636343318, 2.5216406363433186, 2.6535442970305687, 2.5654483718208256, 2.8150724101159437, 2.353533948577482, 2.1416195253341384, 1.9609640474436814, 2.4464393446710155, 2.1709505944546685, 2.413088436425758, 2.751629167387823, 3.084962500721156, 2.7516291673878226, 3.084962500721156, 2.4182958340544896, 2.1556390622295662, 2.0, 1.2987949406953985, 1.9056390622295665, 2.75, 2.521640636343318, 1.9219280948873623, 1.9219280948873623, 2.584962500721156, 2.25, 2.4193819456463714, 2.75, 2.5, 2.5216406363433186, 2.521640636343318, 3.0, 2.5, 1.5487949406953985, 2.5, 2.5, 2.2516291673878226, 2.521640636343318, 2.5216406363433186, 2.128085278891394, 2.251629167387823, 2.584962500721156, 2.2516291673878226, 2.2516291673878226, 1.4591479170272448, 2.251629167387823, 2.584962500721156, 3.0, 2.4056390622295662, 2.4193819456463714, 2.6416041678685933, 3.095795255000934, 2.8453509366224368, 2.845350936622437, 2.663532754804255, 2.481714572986073, 2.9312089489103235, 2.287783719941071, 2.8731406795131336, 2.8150724101159437, 2.521640636343318, 2.895423870280316, 3.2086949695628415, 2.9841837197791885, 2.988316710610012, 3.446439344671015, 2.8037016960573484, 3.2464393446710154, 3.558518613048906, 3.399079570624174, 3.2808316980989, 3.6144387309834265, 3.528057755197613, 3.34690564614023, 3.4066910091788474, 3.36095719828677, 3.622646204745449, 3.696770756121392, 3.696737098944317, 3.4316637068779383, 3.435012959109603, 3.544282665453906, 3.52273256656206, 2.889624545666295, 3.354072575588987, 3.3571973067896455, 3.882468648387594, 3.4630035552789415, 3.53847112151884, 3.7241916228607903, 3.670821188402277, 3.217407858202761, 2.867633890971212, 2.870950594454669, 1.608700165519891, 3.2639334294856344, 2.5810134015775863, 2.2783518117113117, 3.1307179879273743, 2.609850166028943, 1.7263472243434204, 2.7045348998193433, 2.889549430862088, 2.816307519224645, 2.3432578733442675, 2.963745994207332, 3.3320953986601696, 3.0841837197791886, 3.125, 2.2096909728231857, 3.08232813685843, 2.894681099625934, 3.139645305364808, 3.614346508252326, 3.4412577895666465, 2.687274134347656, 2.2034322777564763, 2.358445499580272, 2.1728976837769327, 3.349275070710713, 2.4464393446710155, 2.6464393446710157, 1.3567796494470397, 2.121928094887362, 3.039148671903071, 1.9211854965885542, 2.980662409791012, 2.998281375353105, 3.0924306595113538, 3.28370122897244, 2.8907633260739423, 3.4618589997819775, 3.1956885550078593, 3.127908052949795, 3.484151548439184, 2.793171168990919, 3.026500447924147, 3.527019227341529, 2.8738943098047054, 3.5183838523485447, 1.663023946814042, 2.0, 2.0, 2.0, 2.0, 1.584962500721156, 1.584962500721156, 1.584962500721156, 1.584962500721156, 1.584962500721156, 1.7924812503605778, 2.2516291673878226, 2.584962500721156, 2.2359263506290326, 2.217021885879718, 0.7455372705915467, 2.74608287358554, 1.852243953953147, 2.7869010502641407, 2.899710067925623, 3.3820548560296895, 2.6208922758104833, 2.9885371126586526, 3.0565647621309546, 3.6587535555791906, 2.651184025048473, 3.2409250530298737, 3.531462270751606, 2.9726213333488927, 2.7399213469818395, 3.3678027526703787, 2.835096025568646, 1.9951630974970618, 2.2861194858996985, 2.766576990563939, 3.3214813174572004, 1.2869423578667616, 1.555081191005034, 3.2200390532602716, 2.2972239260084373, 0.9397054414237964, 3.2847004115638097, 2.7196724652687045, 0.6646204039062844, 1.4786585619417634, 3.128166964274752, 3.1464615190232657, 1.8702538164316223, -0.0, 1.0, 2.8140916694846814, -0.0, 2.688298718079501, 3.1001531212818803, 3.3421320647723793, 3.0162094048486887, 2.7526294678807144, 3.1483485153611976, 3.725468758011365, 3.1701631243811423, -0.0, 2.9067985388985216, 3.2581150395409857, 2.705533233496551, 1.686273970388013, 3.4906844513985855, 2.1920121846910887, 2.409782719501237, 2.485574616839262, 3.035638737760589, 2.0407920360821707, 2.334022552652398, 3.259857072192702, 2.9212699300924703, 2.7525438146594814, 3.4184057963777206, 3.0000375417848737, 2.962280559930308, 1.8113198621289162, 2.3798191175798338, 3.604180036749659, 2.841057128696045, 2.5088543941156383, 2.8357367254235966, 3.378301964233811, 1.9982052337043568, 2.962744675029378, 1.5280577551976127, -0.0, -0.0, -0.0, -0.0, -0.0, -0.0, 2.107532262483003, 0.3467314682496637, 1.0667444178005847, 2.9396557549427054, 3.6066313088284, 3.74308416328357, 3.3320517760562383, 2.1611262984397954, 3.5913613178218746, 3.291780232938186, 3.6273624681713343, 2.781453645923478, 3.0068665431825226, 3.386842188131012, 2.9276942711037672, 2.880777905913765, 2.6211147123740055, 3.5425863432985136, 3.5681156023177407, 3.0818477323192615, 3.06390547155544, 3.534246993655518, 3.414338057210694, 2.6690487842140453, 2.83884134993199, 3.1369601792650785, 3.0248160290216277, 2.7886374630229374, 3.0179834170760143, 3.319031616221899, 2.7604603950971027, 3.074072564224994, 3.316316886055653, 3.2798922344140453, 3.770041220490952, 2.9211093475926297, 3.472798082427629, 3.439384671295883, 3.4863905761314693, 3.278002270285822, 3.110260163461556, 2.82110433057849, 3.0946037210615613, 3.2389306377281133, 3.2429652074855744, 3.1415142997020755, 3.7481325386310953, 3.071593513402028, 3.6450661065066683, 3.879366163799654, 3.617284545062768, 3.416203028370627, 3.265312412204253, 2.4360419979274366, 3.101319808000778, 2.5503256189094476, 2.4168601568417283, 0.49838258619544784, 2.3741140530105524, -0.0, 1.3316113202813689, 1.9628839168390684, 2.4253677883243143, 2.483388206638882, 1.3005575081067096, 2.8225430495856663, 0.9257266907028517, 0.9793605596169713, 0.07823246525771237, 1.8550279874459839, -0.0, -0.0, -0.0, 0.9798687566511528, 0.6671702663342416, 2.6185194762919255, 3.15991883923703, 2.561750589625408, 3.131890112772296, 2.852114823664908, 2.8985037966547176, 2.083297484386339, 2.397366807112919, 2.51305054465476, 2.5400269695677773, 0.9283467296434743, 1.651735188583541, 2.2109593793077424, 1.9740966175006152, -0.0, 0.6821560732869937, 2.0055527456183917, 2.03846993474879, 1.3263221539085612, 2.583389165941919, 0.07761951112637416, 1.717362468819177, 1.2208564690362311, 1.5366855559156214, 3.310748379417993, 1.8261038797168985, 1.415780618739106, 3.0010039791510437, 2.6066862015319905, 3.0060569567953284, 3.037889851124162, 3.367025253756973, 2.175638146589523, 2.4833150082088102, 2.9295893041172123, 1.8821844066497357, 2.797119933178352, 3.480176240725871, 2.278630720850959, 1.4209755404442492, 0.7355253654756282, 2.1549765855753016, 0.8887457561273405, 2.781437479874332, 1.2015886939104745, 1.7410935958009328, 2.7117721494147586, 1.935347046590461, 2.4009605122449935, 2.2214597551409923, 3.2022008338813976, 1.9629091130420047, 3.7484294389134196, 3.204837018362927, 3.4016858325519523, 3.000923091880016, 2.6546788515403423, 1.9125056054120886, 2.0192365361682794, 3.1676613480523543, 2.3688269736285332, 2.033839506252902, 3.2744222671527643, 3.2489922736280015, 1.6700356096871796, 2.816759363135451, 3.2602038391729997, 1.5079713994725867, 2.5002108787953543, 3.1559453312467727, 1.814637787245899, 2.7441870098341603, 1.9808179303848918, 1.3867556212766399, 2.73630061572196, 0.7076071846163513, 0.7675241447414718, -0.0, 0.9199202710840345, 2.402899168034253, 3.4552460674452443, 1.9222466378665706, 1.035100247582469, 2.3387575650241113, 3.3987569954267416, 1.506588877196089, 2.958258673150973, 3.050886462254512, 