{"taxa": 213, "sites": 1250, "patterns": 775, "gaps": 0.08130000000000001, "invariant": 0.4208, "entropy": 0.5485881823185617, "column_entropies": [-0.0, 0.6515040691167939, -0.0, 0.08079313589591118, 0.21804385118536637, 0.5987044251250758, 0.688709384371112, 0.4471967343080842, -0.0, 1.5726932194614602, 1.5783179844607549, 1.6687683574630954, 1.3905391347187117, 0.9377342939868041, 0.8090947554691816, 0.222284830685688, -0.0, 1.635996993542844, 1.564066627724479, 1.229771125174427, -0.0, -0.0, 0.3140937805774976, 0.48915720706180765, 0.6667034290442827, 0.07917184980500325, -0.0, -0.0, 0.5336822455521488, 0.32412823528978285, 0.48362978335296003, 0.6788797166614081, -0.0, -0.0, 0.043588095738005976, -0.0, -0.0, -0.0, -0.0, -0.0, 0.18717625687320816, 0.07761951112637416, -0.0, -0.0, -0.0, 0.9658072215621512, -0.0, 1.3948945645454405, 1.3659512470709596, 1.5362989742238429, 1.3037463945350005, 0.7450322202800433, 0.10802319526362832, -0.0, 1.0319595080424584, -0.0, -0.0, -0.0, 0.07761951112637416, -0.0, -0.0, -0.0, -0.0, 0.1623261801753929, -0.0, 0.18717625687320816, -0.0, -0.0, -0.0, 0.5117963682075544, 0.7803486326835241, 0.4504234157949004, 0.18717625687320816, 0.4613305303446781, -0.0, -0.0, -0.0, 0.21084230031853213, 0.4984779510551734, -0.0, -0.0, 0.9574734125327351, -0.0, -0.0, -0.0, -0.0, -0.0, -0.0, -0.0, -0.0, 0.5535072654547253, 0.5665095065529053, -0.0, -0.0, -0.0, -0.0, -0.0, 0.5392422487183202, 0.18717625687320816, 0.21084230031853213, -0.0, 0.10802319526362832, 0.8812908992306927, 0.9033427704281205, 0.692419486327474, 0.7672011782979472, -0.0, -0.0, -0.0, 0.296426244841378, -0.0, 1.0917286432559377, 0.9676373664276561, 0.7918583525674836, -0.0, 0.12114170717869246, -0.0, 0.6040921252567648, 0.9506852574828125, -0.0, -0.0, -0.0, -0.0, 0.10802319526362832, -0.0, -0.0, 1.461755283474223, -0.0, -0.0, -0.0, 0.972595633766562, 1.1347431759823636, 0.25680175010140466, -0.0, -0.0, -0.0, -0.0, 1.0, 0.5665095065529053, 1.2446176899082162, 0.7670628263874817, 0.6212647178791093, 1.0683570474249524, 1.5542861316242504, 0.4055261057899547, -0.0, -0.0, -0.0, -0.0, -0.0, -0.0, -0.0, 0.15151220289513959, 0.8296071030882031, 1.124349425904806, 0.8876153026156439, 1.1726298216843145, 0.6596592473893119, 0.6038497569409083, 0.8402626506038278, 0.2552421131901918, 0.1623261801753929, -0.0, -0.0, 0.717609286227966, 0.5535072654547253, 0.043588095738005976, 0.3531412713583306, -0.0, -0.0, 0.7723947502839262, 0.31599713297842463, -0.0, 0.3781081567974797, -0.0, 0.043588095738005976, 0.07761951112637416, 0.4984779510551734, 0.7670628263874817, 0.296426244841378, 0.34596083222522106, 0.783776947484701, -0.0, -0.0, 0.043588095738005976, 0.13605928623877514, -0.0, 0.783776947484701, -0.0, -0.0, 0.043588095738005976, -0.0, 0.783776947484701, 0.5224713958428842, 0.21084230031853213, 0.9847452560310241, 0.5910438767621577, -0.0, 0.9489483086354975, 1.2436340587793222, 1.6782515273690455, 1.6832936448889653, 1.5697015033618185, 0.6596592473893119, 0.043588095738005976, 0.35335933502142136, 0.10802319526362832, -0.0, -0.0, -0.0, -0.0, -0.0, -0.0, -0.0, -0.0, -0.0, -0.0, -0.0, -0.0, -0.0, -0.0, 0.2334897104477296, 0.7960202185561808, 0.10802319526362832, -0.0, 0.07761951112637416, -0.0, 0.6609623351442084, -0.0, -0.0, -0.0, 1.4210050081767485, -0.0, 0.37123232664087563, 0.07761951112637416, 0.6120099217120851, 1.4779361970131344, 1.135355423704694, 1.7006758815011196, 1.5537227816003734, 1.6192288095203906, 1.9110432333196266, 1.3414165423304818, 0.6752189349611327, 1.4231610651284325, 1.0930295852348406, 0.9081783472997051, 0.6139370923354814, 1.3956250688193463, 1.748286530491896, 0.3551670275651506, 0.6098403047164004, 0.7769279952221645, 1.6036114411540625, 1.5760936489659803, 1.5469447194576003, 1.6485740820719836, 1.6648833252984692, 1.8092849594299474, 1.7500645692024854, 1.538919868696534, 1.8569580160749677, 1.71204086553248, 1.5806946008626785, 1.8003519751076498, 1.8763756413784765, 1.6505155609020976, 1.3460997500604557, 1.5382562408535292, 1.4447983468185435, 0.8220721974355907, 1.0495587184650303, 0.9000508824284473, 1.7465617371621014, 1.6422543123031117, 1.9319223583669018, 1.596421502490356, 1.0993852076526804, 1.6432240182145699, 1.5875439409927472, 1.7646409895067072, 1.6076882878486192, 1.5668105577292861, 1.7205926077213451, 1.6720770603864878, 1.60765719788381, 1.629297426093618, 1.6635522104411944, 1.292727214755173, 1.0762976257251988, 0.8112781244591328, 1.4926140680171256, 0.9991421039919088, 1.5247900371327585, 1.4075378495143385, 1.5802431764268126, 1.4049569818114824, 1.4241669711154485, 1.837278255305992, 1.3831632159639216, 1.8736244484614504, 1.6109702206968726, 0.7330835685067336, 0.6548092360350816, 0.4686233443850032, 1.7032558691219184, 1.8335147520610569, 1.638812304938571, 0.07761951112637416, 1.5962524641857692, 1.2287923792501958, 0.8153293829191278, 1.2773371426356837, 0.8402626506038278, 1.4316074188910313, 1.582373051234619, 1.7728645037877777, 1.2139469825729525, 0.409633443977211, 0.4689955935892812, 0.07761951112637416, 0.4143100399593104, -0.0, -0.0, 1.5592129827536199, 0.31599713297842463, 0.07761951112637416, -0.0, -0.0, -0.0, -0.0, -0.0, -0.0, 0.6341991271968014, 0.21084230031853213, -0.0, 0.07761951112637416, 0.31599713297842463, 1.3618195275943314, 0.5402129815415571, -0.0, 0.2552421131901918, 0.13605928623877514, 0.15151220289513959, 1.4944570926855794, 0.07761951112637416, 1.015571362277337, -0.0, 0.0871433206501837, 1.4709898379868922, 1.4621956767498796, 1.5213284779942362, -0.0, 1.213670815222228, -0.0, -0.0, 0.07792468135188606, 0.23433812764564513, -0.0, 0.773360136448124, 1.2942070748729284, 0.9493683086506323, 1.4341210823326502, 0.6622522785475092, 0.3396438101386323, 0.8392518365673316, 0.14917750584496406, 1.633666060372462, 1.5510016221945788, 1.0659775697598595, 1.1480192182506297, 1.341662073462068, 1.8335441240681496, 1.600633414410432, 1.619955291105469, 1.4796519256698073, 0.9360079471978431, 0.6500224216483541, 0.6500224216483541, -0.0, 1.1394951972794727, 1.4738681767318125, 1.3411548353945062, 1.5695451758055081, 1.7641139437729398, 1.5179862819497087, 1.0161879373382794, 1.1674247872349919, 1.126697906572398, 0.6410107141353243, 1.606714666294367, 0.2840527665239379, 1.6246560939535475, 0.7523058639951086, 1.5555967826586763, 0.6818800880417841, 1.2907820130527508, 0.9934472383802027, 0.3396438101386323, 1.0768287337011928, 0.854375775096756, 1.6353444769601415, 0.4220005168831531, -0.0, 0.8551680811270603, 1.832834274083921, 0.8146875355054757, 0.2761954276479391, 0.9810077194625307, 1.3411334205512833, 0.043588095738005976, 1.603202258213432, 0.9496409933631513, 1.5389071205191756, -0.0, 0.9188541828857995, 0.4220005168831531, 0.10802319526362832, 1.362874946623177, 1.4102767859608203, 0.11146303230451957, 1.193037732540505, 0.1623261801753929, 1.2516291673878228, 1.4854752972273344, 0.48627631192459736, 0.48099223986465495, 0.2334897104477296, 0.17951494433937776, 0.878184883347197, 0.7138146621637208, 1.416931346767614, 1.4835817642634046, 0.3408531898747329, 0.043588095738005976, 0.16417120875391775, -0.0, -0.0, 0.2761954276479391, -0.0, -0.0, -0.0, 0.5578053797415264, 1.0967082906400232, 0.5435644431995964, 1.5101572388965432, 1.3301693185766188, 1.3209202618621947, 0.9196709794056144, 0.5417780761407045, -0.0, -0.0, -0.0, 0.9440235572242766, 0.21574768544463674, -0.0, -0.0, 0.35335933502142136, -0.0, 0.07761951112637416, -0.0, -0.0, 0.6209872175344419, 0.10802319526362832, -0.0, -0.0, 0.6923546897101581, -0.0, -0.0, -0.0, -0.0, -0.0, 0.7700013538029209, 0.2334897104477296, -0.0, -0.0, -0.0, -0.0, -0.0, -0.0, -0.0, -0.0, -0.0, -0.0, -0.0, 0.1623261801753929, -0.0, 0.48465040530413994, -0.0, -0.0, 0.043588095738005976, 0.8812908992306927, 0.5069498934407151, 0.6500224216483541, 0.3349601616245021, 0.13605928623877514, 1.188616401196796, 1.0714192561252696, -0.0, 0.13605928623877514, -0.0, -0.0, 0.8807911007271361, 1.5786335885716225, -0.0, 1.3466931079390605, 0.07792468135188606, -0.0, 